default_threshold,end_punct_threshold,precision,recall,f1,tp,fp,fn,tn,predicted_boundaries,gold_boundaries,pr_gap,delta_vs_current
0.536,0.27,0.9420222991157248,0.9434732383519445,0.9427472104655638,12251,754,734,149870,13005,12985,0.0014509392362197504,-0.0003116491768274665
0.536,0.275,0.9420902868568792,0.9433962264150944,0.9427428043712484,12250,753,735,149871,13003,12985,0.001305939558215119,-0.0003160552711428677
0.536,0.28,0.9420902868568792,0.9433962264150944,0.9427428043712484,12250,753,735,149871,13003,12985,0.001305939558215119,-0.0003160552711428677
0.538,0.27,0.9420902868568792,0.9433962264150944,0.9427428043712484,12250,753,735,149871,13003,12985,0.001305939558215119,-0.0003160552711428677
0.538,0.275,0.9421582955157296,0.9433192144782441,0.942738397598707,12249,752,736,149872,13001,12985,0.0011609189625144678,-0.00032046204368418874
0.538,0.28,0.9421582955157296,0.9433192144782441,0.942738397598707,12249,752,736,149872,13001,12985,0.0011609189625144678,-0.00032046204368418874
0.536,0.345,0.9428439377599753,0.9426261070465922,0.9427350098201563,12240,742,745,149882,12982,12985,0.00021783071338310478,-0.00032384982223487846
0.538,0.345,0.9429121725731895,0.942549095109742,0.9427305988831118,12239,741,746,149883,12980,12985,0.0003630774634474365,-0.00032826075927938625
0.536,0.3,0.9423624470950366,0.9430881786676935,0.9427251732101616,12246,749,739,149875,12995,12985,0.0007257315726568736,-0.00033368643222964067
0.538,0.3,0.9424305395212806,0.9430111667308433,0.9427207637231503,12245,748,740,149876,12993,12985,0.0005806272095626452,-0.00033809591924094384
0.536,0.26,0.9419498692910964,0.9434732383519445,0.9427109384017545,12251,755,734,149869,13006,12985,0.0015233690608481565,-0.00034792124063676155
0.536,0.265,0.9419498692910964,0.9434732383519445,0.9427109384017545,12251,755,734,149869,13006,12985,0.0015233690608481565,-0.00034792124063676155
0.618,0.27,0.945813953488372,0.939622641509434,0.942708132122851,12201,699,784,149925,12900,12985,0.006191311978938074,-0.0003507275195402393
0.538,0.26,0.942017840664411,0.9433962264150944,0.9427065296856362,12250,754,735,149870,13004,12985,0.0013783857506833863,-0.00035232995675504863
0.538,0.265,0.942017840664411,0.9433962264150944,0.9427065296856362,12250,754,735,149870,13004,12985,0.0013783857506833863,-0.00035232995675504863
0.618,0.275,0.9458830826484727,0.9395456295725837,0.9427037051346443,12200,698,785,149926,12898,12985,0.006337453075888955,-0.00035515450774692425
0.618,0.28,0.9458830826484727,0.9395456295725837,0.9427037051346443,12200,698,785,149926,12898,12985,0.006337453075888955,-0.00035515450774692425
0.536,0.34,0.942771316336748,0.9426261070465922,0.9426987060998152,12240,743,745,149881,12983,12985,0.0001452092901558233,-0.00036015354257601384
0.536,0.285,0.9421538461538461,0.9432422025413939,0.9426977102174332,12248,752,737,149872,13000,12985,0.0010883563875477842,-0.00036114942495801827
0.536,0.29,0.9421538461538461,0.9432422025413939,0.9426977102174332,12248,752,737,149872,13000,12985,0.0010883563875477842,-0.00036114942495801827
0.618,0.345,0.9466490642230333,0.9387755102040817,0.9426958471889259,12190,687,795,149937,12877,12985,0.007873554018951623,-0.00036301245346537225
0.538,0.34,0.9428395347045682,0.942549095109742,0.9426942925363937,12239,742,746,149882,12981,12985,0.0002904395948261085,-0.0003645671059975264
0.536,0.295,0.9422218802892752,0.9431651906045437,0.9426932994650348,12247,751,738,149873,12998,12985,0.0009433103152685085,-0.00036556017735644986
0.538,0.285,0.9422218802892752,0.9431651906045437,0.9426932994650348,12247,751,738,149873,12998,12985,0.0009433103152685085,-0.00036556017735644986
0.538,0.29,0.9422218802892752,0.9431651906045437,0.9426932994650348,12247,751,738,149873,12998,12985,0.0009433103152685085,-0.00036556017735644986
0.536,0.355,0.9429077740966176,0.9424720831728918,0.942689878293021,12238,741,747,149883,12979,12985,0.00043569092372586216,-0.0003689813493702454
0.538,0.295,0.9422899353647276,0.9430881786676935,0.942688888033563,12246,750,739,149874,12996,12985,0.0007982433029658509,-0.00036997160882823454
0.634,0.27,0.9467878505398897,0.9386214863303812,0.942686982751953,12188,685,797,149939,12873,12985,0.008166364209508448,-0.0003718768904382719
0.618,0.3,0.9461598138091544,0.9392375818251829,0.9426859903381642,12196,694,789,149930,12890,12985,0.006922231983971461,-0.00037286930422697484
0.538,0.355,0.9429760345226169,0.9423950712360416,0.9426854633695402,12237,740,748,149884,12977,12985,0.0005809632865753089,-0.0003733962728510454
0.536,0.305,0.9423580113898723,0.9430111667308433,0.9426844759228609,12245,749,740,149875,12994,12985,0.00065315534097099,-0.00037438371953035787
0.634,0.275,0.9468572760469272,0.938544474393531,0.9426825495049505,12187,684,798,149940,12871,12985,0.008312801653396207,-0.0003763101374407718
0.634,0.28,0.9468572760469272,0.938544474393531,0.9426825495049505,12187,684,798,149940,12871,12985,0.008312801653396207,-0.0003763101374407718
0.636,0.27,0.9468572760469272,0.938544474393531,0.9426825495049505,12187,684,798,149940,12871,12985,0.008312801653396207,-0.0003763101374407718
0.536,0.31,0.9424261083743842,0.9429341547939931,0.9426800631327714,12244,748,741,149876,12992,12985,0.0005080464196088874,-0.0003787965096198054
0.536,0.315,0.9424261083743842,0.9429341547939931,0.9426800631327714,12244,748,741,149876,12992,12985,0.0005080464196088874,-0.0003787965096198054
0.536,0.32,0.9424261083743842,0.9429341547939931,0.9426800631327714,12244,748,741,149876,12992,12985,0.0005080464196088874,-0.0003787965096198054
0.538,0.305,0.9424261083743842,0.9429341547939931,0.9426800631327714,12244,748,741,149876,12992,12985,0.0005080464196088874,-0.0003787965096198054
0.636,0.275,0.9469267231331105,0.9384674624566808,0.9426781155720585,12186,683,799,149941,12869,12985,0.00845926067642977,-0.00038074407033272806
0.636,0.28,0.9469267231331105,0.9384674624566808,0.9426781155720585,12186,683,799,149941,12869,12985,0.00845926067642977,-0.00038074407033272806
0.616,0.27,0.9456715492521119,0.9396996534462841,0.9426761433868974,12202,701,783,149923,12903,12985,0.005971895805827798,-0.00038271625549379795
0.538,0.31,0.9424942263279446,0.9428571428571428,0.9426756496631375,12243,747,742,149877,12990,12985,0.0003629165291982872,-0.0003832099792536736
0.538,0.315,0.9424942263279446,0.9428571428571428,0.9426756496631375,12243,747,742,149877,12990,12985,0.0003629165291982872,-0.0003832099792536736
0.538,0.32,0.9424942263279446,0.9428571428571428,0.9426756496631375,12243,747,742,149877,12990,12985,0.0003629165291982872,-0.0003832099792536736
0.534,0.27,0.9418774506035211,0.9434732383519445,0.9426746691289628,12251,756,734,149868,13007,12985,0.001595787748423394,-0.00038419051342841737
0.634,0.345,0.9476264591439689,0.9377743550250289,0.942674666150571,12177,673,808,149951,12850,12985,0.009852104118939997,-0.0003841934918201728
0.616,0.275,0.9457406402604449,0.939622641509434,0.942671714440238,12201,700,784,149924,12901,12985,0.0061179987510109335,-0.00038714520215321624
0.616,0.28,0.9457406402604449,0.939622641509434,0.942671714440238,12201,700,784,149924,12901,12985,0.0061179987510109335,-0.00038714520215321624
0.618,0.26,0.9457406402604449,0.939622641509434,0.942671714440238,12201,700,784,149924,12901,12985,0.0061179987510109335,-0.00038714520215321624
0.618,0.265,0.9457406402604449,0.939622641509434,0.942671714440238,12201,700,784,149924,12901,12985,0.0061179987510109335,-0.00038714520215321624
0.536,0.33,0.9425623652602402,0.9427801309202927,0.9426712355138029,12242,746,743,149878,12988,12985,0.00021776566005249354,-0.000387624128588282
0.534,0.275,0.9419454056132257,0.9433962264150944,0.9426702577914583,12250,755,735,149869,13005,12985,0.0014508208018686464,-0.00038860185093292365
0.534,0.28,0.9419454056132257,0.9433962264150944,0.9426702577914583,12250,755,735,149869,13005,12985,0.0014508208018686464,-0.00038860185093292365
0.636,0.345,0.9476961394769614,0.9376973430881786,0.9426702280029421,12176,672,809,149952,12848,12985,0.00999879638878276,-0.0003886316394491329
0.628,0.27,0.9464368886818817,0.938929534077782,0.9426682645842193,12192,690,793,149934,12882,12985,0.007507354604099681,-0.00039059505817196083
0.538,0.33,0.9426305251809641,0.9427031189834424,0.9426668206846098,12241,745,744,149879,12986,12985,7.25938024782602e-05,-0.0003920389577813932
0.634,0.3,0.9471351939671927,0.9382364266461302,0.9426648096564532,12183,680,802,149944,12863,12985,0.00889876732106254,-0.00039404998593806084
0.616,0.345,0.9465062111801242,0.9388525221409318,0.9426638314324377,12191,689,794,149935,12880,12985,0.007653689039192391,-0.0003950282099535185
0.628,0.275,0.9465062111801242,0.9388525221409318,0.9426638314324377,12191,689,794,149935,12880,12985,0.007653689039192391,-0.0003950282099535185
0.628,0.28,0.9465062111801242,0.9388525221409318,0.9426638314324377,12191,689,794,149935,12880,12985,0.007653689039192391,-0.0003950282099535185
0.534,0.345,0.9426987060998152,0.9426261070465922,0.9426624051754016,12240,744,745,149880,12984,12985,7.25990532229881e-05,-0.0003964544669896597
0.536,0.335,0.9426987060998152,0.9426261070465922,0.9426624051754016,12240,744,745,149880,12984,12985,7.25990532229881e-05,-0.0003964544669896597
0.636,0.3,0.9472047274706477,0.93815941470928,0.9426603729784105,12182,679,803,149945,12861,12985,0.009045312761367663,-0.00039848666398067945
0.618,0.34,0.9465755552104363,0.9387755102040817,0.9426593975950199,12190,688,795,149936,12878,12985,0.007800045006354672,-0.00039946204737129065
0.618,0.285,0.9459480418766963,0.9393916056988834,0.9426584234930447,12198,697,787,149927,12895,12985,0.006556436177812985,-0.00040043614934648364
0.618,0.29,0.9459480418766963,0.9393916056988834,0.9426584234930447,12198,697,787,149927,12895,12985,0.006556436177812985,-0.00040043614934648364
0.538,0.335,0.9427669080264982,0.942549095109742,0.9426579889860208,12239,743,746,149881,12982,12985,0.00021781291675615488,-0.0004008706563704001
0.628,0.345,0.9472742826036239,0.9380824027724297,0.9426559356136822,12181,678,804,149946,12859,12985,0.009191879831194183,-0.00040292402870900634
0.616,0.3,0.9460172186457768,0.9393145937620331,0.9426539918077131,12197,696,788,149928,12893,12985,0.006702624883743735,-0.00040486783467807985
0.618,0.295,0.9460172186457768,0.9393145937620331,0.9426539918077131,12197,696,788,149928,12893,12985,0.006702624883743735,-0.00040486783467807985
0.624,0.27,0.9460172186457768,0.9393145937620331,0.9426539918077131,12197,696,788,149928,12893,12985,0.006702624883743735,-0.00040486783467807985
0.536,0.35,0.9428351309707242,0.9424720831728918,0.9426535721163104,12238,742,747,149882,12980,12985,0.000363047797832472,-0.00040528752608082197
0.534,0.3,0.9422174347926444,0.9430881786676935,0.9426526056500654,12246,751,739,149873,12997,12985,0.0008707438750490404,-0.0004062539923258557
0.646,0.27,0.9473438593762152,0.9380053908355795,0.9426514975621082,12180,677,805,149947,12857,12985,0.009338468540635692,-0.0004073620802830247
0.618,0.355,0.9467143079074103,0.9386214863303812,0.9426505278626397,12188,686,797,149938,12874,12985,0.008092821577029063,-0.0004083317797515251
0.634,0.26,0.9467143079074103,0.9386214863303812,0.9426505278626397,12188,686,797,149938,12874,12985,0.008092821577029063,-0.0004083317797515251
0.634,0.265,0.9467143079074103,0.9386214863303812,0.9426505278626397,12188,686,797,149938,12874,12985,0.008092821577029063,-0.0004083317797515251
0.624,0.275,0.9460864168799938,0.9392375818251829,0.9426495594373164,12196,695,789,149929,12891,12985,0.006848835054810931,-0.0004093002050747918
0.624,0.28,0.9460864168799938,0.9392375818251829,0.9426495594373164,12196,695,789,149929,12891,12985,0.006848835054810931,-0.0004093002050747918
0.538,0.35,0.9429033749422099,0.9423950712360416,0.9426491545661134,12237,741,748,149883,12978,12985,0.0005083037061682782,-0.00040970507627779984
0.528,0.27,0.9416692284045497,0.943627262225645,0.9426472285263685,12253,759,732,149865,13012,12985,0.001958033821095273,-0.00041163111602271485
0.646,0.275,0.9474134577985219,0.9379283788987293,0.9426470588235294,12179,676,806,149948,12855,12985,0.009485078899792665,-0.0004118008188618294
0.646,0.28,0.9474134577985219,0.9379283788987293,0.9426470588235294,12179,676,806,149948,12855,12985,0.009485078899792665,-0.0004118008188618294
0.628,0.3,0.9467837165941578,0.938544474393531,0.9426460919673589,12187,685,798,149939,12872,12985,0.008239242200626884,-0.0004127676750322884
0.636,0.26,0.9467837165941578,0.938544474393531,0.9426460919673589,12187,685,798,149939,12872,12985,0.008239242200626884,-0.0004127676750322884
0.636,0.265,0.9467837165941578,0.938544474393531,0.9426460919673589,12187,685,798,149939,12872,12985,0.008239242200626884,-0.0004127676750322884
0.618,0.305,0.9461556365893398,0.9391605698883327,0.942645126381696,12195,694,790,149930,12889,12985,0.0069950667010070244,-0.0004137332606952704
0.614,0.27,0.9455292112195878,0.9397766653831344,0.9426441620640377,12203,703,782,149921,12906,12985,0.005752545836453349,-0.00041469757835355114
0.528,0.275,0.9417371252882398,0.9435502502887948,0.9426428159261396,12252,758,733,149866,13010,12985,0.0018131250005549715,-0.00041604371625159065
0.528,0.28,0.9417371252882398,0.9435502502887948,0.9426428159261396,12252,758,733,149866,13010,12985,0.0018131250005549715,-0.00041604371625159065
0.624,0.345,0.9468531468531468,0.9384674624566808,0.9426416553858054,12186,684,799,149940,12870,12985,0.008385684396466031,-0.000417204256585868
0.618,0.31,0.9462248777838131,0.9390835579514825,0.9426406926406926,12194,693,791,149931,12887,12985,0.007141319832330684,-0.00041816700169861054
0.618,0.315,0.9462248777838131,0.9390835579514825,0.9426406926406926,12194,693,791,149931,12887,12985,0.007141319832330684,-0.00041816700169861054
0.618,0.32,0.9462248777838131,0.9390835579514825,0.9426406926406926,12194,693,791,149931,12887,12985,0.007141319832330684,-0.00041816700169861054
0.614,0.275,0.9455982641041537,0.9396996534462841,0.942639731159952,12202,702,783,149922,12904,12985,0.005898610657869563,-0.00041912848243919054
0.614,0.28,0.9455982641041537,0.9396996534462841,0.942639731159952,12202,702,783,149922,12904,12985,0.005898610657869563,-0.00041912848243919054
0.616,0.26,0.9455982641041537,0.9396996534462841,0.942639731159952,12202,702,783,149922,12904,12985,0.005898610657869563,-0.00041912848243919054
0.616,0.265,0.9455982641041537,0.9396996534462841,0.942639731159952,12202,702,783,149922,12904,12985,0.005898610657869563,-0.00041912848243919054
0.536,0.325,0.9424216765453006,0.9428571428571428,0.942639359408685,12243,748,742,149876,12991,12985,0.0004354663118422142,-0.0004195002337061826
0.646,0.345,0.9481845098955899,0.9371582595302271,0.94263914171734,12169,665,816,149959,12834,12985,0.011026250365362755,-0.00041971792505124395
0.534,0.26,0.9418050430504306,0.9434732383519445,0.9426384026468664,12251,757,734,149867,13008,12985,0.0016681953015139639,-0.0004204569955248427
0.534,0.265,0.9418050430504306,0.9434732383519445,0.9426384026468664,12251,757,734,149867,13008,12985,0.0016681953015139639,-0.0004204569955248427
0.634,0.34,0.9475527196327134,0.9377743550250289,0.9426381792847189,12177,674,808,149950,12851,12985,0.009778364607684442,-0.0004206803576722873
0.634,0.285,0.9469225986944358,0.9383904505198306,0.94263721811782,12185,683,800,149941,12868,12985,0.008532148174605236,-0.00042164152457124793
0.634,0.29,0.9469225986944358,0.9383904505198306,0.94263721811782,12185,683,800,149941,12868,12985,0.008532148174605236,-0.00042164152457124793
0.626,0.27,0.9462941404734188,0.9390065460146323,0.9426362582141478,12193,692,792,149932,12885,12985,0.007287594458786462,-0.00042260142824346314
0.528,0.345,0.9424897990607437,0.9427801309202927,0.9426349426349427,12242,747,743,149877,12989,12985,0.00029033185954896457,-0.00042391700744848215
0.538,0.325,0.9424897990607437,0.9427801309202927,0.9426349426349427,12242,747,743,149877,12989,12985,0.00029033185954896457,-0.00042391700744848215
0.636,0.34,0.9476223830648299,0.9376973430881786,0.9426337384841681,12176,673,809,149951,12849,12985,0.009925039976651284,-0.00042512115822312957
0.634,0.295,0.9469920721280896,0.9383134385829803,0.9426327801632431,12184,682,801,149942,12866,12985,0.008678633545109227,-0.0004260794791480782
0.636,0.285,0.9469920721280896,0.9383134385829803,0.9426327801632431,12184,682,801,149942,12866,12985,0.008678633545109227,-0.0004260794791480782
0.636,0.29,0.9469920721280896,0.9383134385829803,0.9426327801632431,12184,682,801,149942,12866,12985,0.008678633545109227,-0.0004260794791480782
0.614,0.345,0.9463634246681674,0.938929534077782,0.9426318231019019,12192,691,793,149933,12883,12985,0.00743389059038535,-0.00042703654048936723
0.618,0.33,0.9463634246681674,0.938929534077782,0.9426318231019019,12192,691,793,149933,12883,12985,0.00743389059038535,-0.00042703654048936723
0.624,0.3,0.9463634246681674,0.938929534077782,0.9426318231019019,12192,691,793,149933,12883,12985,0.00743389059038535,-0.00042703654048936723
0.626,0.275,0.9463634246681674,0.938929534077782,0.9426318231019019,12192,691,793,149933,12883,12985,0.00743389059038535,-0.00042703654048936723
0.626,0.28,0.9463634246681674,0.938929534077782,0.9426318231019019,12192,691,793,149933,12883,12985,0.00743389059038535,-0.00042703654048936723
0.628,0.26,0.9463634246681674,0.938929534077782,0.9426318231019019,12192,691,793,149933,12883,12985,0.00743389059038535,-0.00042703654048936723
0.628,0.265,0.9463634246681674,0.938929534077782,0.9426318231019019,12192,691,793,149933,12883,12985,0.00743389059038535,-0.00042703654048936723
0.606,0.27,0.945111093907254,0.9401617250673855,0.9426299127480504,12208,709,777,149915,12917,12985,0.004949368839868518,-0.00042894689434080924
0.608,0.27,0.945111093907254,0.9401617250673855,0.9426299127480504,12208,709,777,149915,12917,12985,0.004949368839868518,-0.00042894689434080924
0.634,0.355,0.9476920681871254,0.9376203311513285,0.9426292969959741,12175,672,810,149952,12847,12985,0.01007173703579689,-0.0004295626464171365
0.646,0.3,0.9476920681871254,0.9376203311513285,0.9426292969959741,12175,672,810,149952,12847,12985,0.01007173703579689,-0.0004295626464171365
0.636,0.295,0.9470615671641791,0.9382364266461302,0.9426283415219158,12183,681,802,149943,12864,12985,0.008825140518048946,-0.0004305181204754538
0.616,0.34,0.9464327303780762,0.9388525221409318,0.9426273873037965,12191,690,794,149934,12881,12985,0.007580208237144337,-0.00043147233859475165
0.616,0.285,0.9458055512482555,0.9394686176357335,0.9426264343391415,12199,699,786,149925,12898,12985,0.006336933612521967,-0.0004324253032497172
0.616,0.29,0.9458055512482555,0.9394686176357335,0.9426264343391415,12199,699,786,149925,12898,12985,0.006336933612521967,-0.0004324253032497172
0.534,0.34,0.9426261070465922,0.9426261070465922,0.9426261070465922,12240,745,745,149879,12985,12985,0.0,-0.00043275259579900194
0.606,0.275,0.9451800232288037,0.9400847131305352,0.9426254826254826,12207,708,778,149916,12915,12985,0.0050953100982684685,-0.0004333770169085982
0.606,0.28,0.9451800232288037,0.9400847131305352,0.9426254826254826,12207,708,778,149916,12915,12985,0.0050953100982684685,-0.0004333770169085982
0.608,0.275,0.9451800232288037,0.9400847131305352,0.9426254826254826,12207,708,778,149916,12915,12985,0.0050953100982684685,-0.0004333770169085982
0.608,0.28,0.9451800232288037,0.9400847131305352,0.9426254826254826,12207,708,778,149916,12915,12985,0.0050953100982684685,-0.0004333770169085982
0.528,0.3,0.9420089217043531,0.9432422025413939,0.9426251587332127,12248,754,737,149870,13002,12985,0.0012332808370407733,-0.0004337009091784916
0.534,0.285,0.9420089217043531,0.9432422025413939,0.9426251587332127,12248,754,737,149870,13002,12985,0.0012332808370407733,-0.0004337009091784916
0.534,0.29,0.9420089217043531,0.9432422025413939,0.9426251587332127,12248,754,737,149870,13002,12985,0.0012332808370407733,-0.0004337009091784916
0.636,0.355,0.9477617750097315,0.9375433192144782,0.9426248548199768,12174,671,811,149953,12845,12985,0.010218455795253267,-0.0004340048224144022
0.522,0.27,0.9413933481834242,0.9438582980361956,0.9426242116597446,12256,763,729,149861,13019,12985,0.0024649498527713476,-0.00043464798264658544
0.626,0.345,0.9471310838127819,0.93815941470928,0.9426239021936783,12182,680,803,149944,12862,12985,0.00897166910350189,-0.00043495744871291375
0.634,0.305,0.9471310838127819,0.93815941470928,0.9426239021936783,12182,680,803,149944,12862,12985,0.00897166910350189,-0.00043495744871291375
0.642,0.27,0.9471310838127819,0.93815941470928,0.9426239021936783,12182,680,803,149944,12862,12985,0.00897166910350189,-0.00043495744871291375
0.618,0.335,0.9465020576131687,0.9387755102040817,0.9426229508196722,12190,689,795,149935,12879,12985,0.00772654740908707,-0.0004359088227190444
0.614,0.3,0.9458746898263027,0.9393916056988834,0.942622000695491,12198,698,787,149926,12896,12985,0.006483084127419381,-0.00043685894690026483
0.616,0.295,0.9458746898263027,0.9393916056988834,0.942622000695491,12198,698,787,149926,12896,12985,0.006483084127419381,-0.00043685894690026483
0.61,0.27,0.945248973902269,0.940007701193685,0.9426210518186733,12206,707,779,149917,12913,12985,0.005241272708583988,-0.00043780782371793947
0.534,0.295,0.942076923076923,0.9431651906045437,0.9426207427361939,12247,753,738,149871,13000,12985,0.001088267527620701,-0.0004381169061973278
0.54,0.27,0.942076923076923,0.9431651906045437,0.9426207427361939,12247,753,738,149871,13000,12985,0.001088267527620701,-0.0004381169061973278
0.522,0.275,0.9414611661673197,0.9437812860993454,0.9426197984770402,12255,762,730,149862,13017,12985,0.0023201199320257437,-0.0004390611653509735
0.522,0.28,0.9414611661673197,0.9437812860993454,0.9426197984770402,12255,762,730,149862,13017,12985,0.0023201199320257437,-0.0004390611653509735
0.524,0.27,0.9414611661673197,0.9437812860993454,0.9426197984770402,12255,762,730,149862,13017,12985,0.0023201199320257437,-0.0004390611653509735
0.628,0.34,0.9472006220839814,0.9380824027724297,0.9426194621783711,12181,679,804,149945,12860,12985,0.009118219311551656,-0.00043939746402010815
0.634,0.31,0.9472006220839814,0.9380824027724297,0.9426194621783711,12181,679,804,149945,12860,12985,0.009118219311551656,-0.00043939746402010815
0.634,0.315,0.9472006220839814,0.9380824027724297,0.9426194621783711,12181,679,804,149945,12860,12985,0.009118219311551656,-0.00043939746402010815
0.634,0.32,0.9472006220839814,0.9380824027724297,0.9426194621783711,12181,679,804,149945,12860,12985,0.009118219311551656,-0.00043939746402010815
0.636,0.305,0.9472006220839814,0.9380824027724297,0.9426194621783711,12181,679,804,149945,12860,12985,0.009118219311551656,-0.00043939746402010815
0.642,0.275,0.9472006220839814,0.9380824027724297,0.9426194621783711,12181,679,804,149945,12860,12985,0.009118219311551656,-0.00043939746402010815
0.642,0.28,0.9472006220839814,0.9380824027724297,0.9426194621783711,12181,679,804,149945,12860,12985,0.009118219311551656,-0.00043939746402010815
0.616,0.355,0.9465714063834744,0.9386984982672314,0.9426185136493698,12189,688,796,149936,12877,12985,0.007872908116242971,-0.0004403459930214515
0.628,0.285,0.9465714063834744,0.9386984982672314,0.9426185136493698,12189,688,796,149936,12877,12985,0.007872908116242971,-0.0004403459930214515
0.628,0.29,0.9465714063834744,0.9386984982672314,0.9426185136493698,12189,688,796,149936,12877,12985,0.007872908116242971,-0.0004403459930214515
0.606,0.345,0.9459438498526447,0.9393145937620331,0.942617566366552,12197,697,788,149927,12894,12985,0.006629256090611602,-0.0004412932758391941
0.608,0.345,0.9459438498526447,0.9393145937620331,0.942617566366552,12197,697,788,149927,12894,12985,0.006629256090611602,-0.0004412932758391941
0.624,0.26,0.9459438498526447,0.9393145937620331,0.942617566366552,12197,697,788,149927,12894,12985,0.006629256090611602,-0.0004412932758391941
0.624,0.265,0.9459438498526447,0.9393145937620331,0.942617566366552,12197,697,788,149927,12894,12985,0.006629256090611602,-0.0004412932758391941
0.534,0.355,0.9427624990370541,0.9424720831728918,0.9426172687360395,12238,743,747,149881,12981,12985,0.0002904158641623411,-0.0004415909063517631
0.61,0.275,0.9453179459375726,0.9399306892568348,0.9426166203274636,12205,706,780,149918,12911,12985,0.005387256680737806,-0.00044223931492759494
0.61,0.28,0.9453179459375726,0.9399306892568348,0.9426166203274636,12205,706,780,149918,12911,12985,0.005387256680737806,-0.00044223931492759494
0.54,0.275,0.9421449453762117,0.9430881786676935,0.9426163260593464,12246,752,739,149872,12998,12985,0.0009432332914817154,-0.00044253358304480184
0.54,0.28,0.9421449453762117,0.9430881786676935,0.9426163260593464,12246,752,739,149872,12998,12985,0.0009432332914817154,-0.00044253358304480184
0.524,0.275,0.9415290049942374,0.9437042741624951,0.9426153846153846,12254,761,731,149863,13015,12985,0.0021752691682577208,-0.00044347502700659014
0.524,0.28,0.9415290049942374,0.9437042741624951,0.9426153846153846,12254,761,731,149863,13015,12985,0.0021752691682577208,-0.00044347502700659014
0.526,0.27,0.9415290049942374,0.9437042741624951,0.9426153846153846,12254,761,731,149863,13015,12985,0.0021752691682577208,-0.00044347502700659014
0.636,0.31,0.9472701819878675,0.9380053908355795,0.942615021475835,12180,678,805,149946,12858,12985,0.009264791152287954,-0.000443838166556243
0.636,0.315,0.9472701819878675,0.9380053908355795,0.942615021475835,12180,678,805,149946,12858,12985,0.009264791152287954,-0.000443838166556243
0.636,0.32,0.9472701819878675,0.9380053908355795,0.942615021475835,12180,678,805,149946,12858,12985,0.009264791152287954,-0.000443838166556243
0.646,0.26,0.9472701819878675,0.9380053908355795,0.942615021475835,12180,678,805,149946,12858,12985,0.009264791152287954,-0.000443838166556243
0.646,0.265,0.9472701819878675,0.9380053908355795,0.942615021475835,12180,678,805,149946,12858,12985,0.009264791152287954,-0.000443838166556243
0.618,0.35,0.9466407766990291,0.9386214863303812,0.9426140757927302,12188,687,797,149937,12875,12985,0.008019290368647902,-0.0004447838496610679
0.626,0.3,0.9466407766990291,0.9386214863303812,0.9426140757927302,12188,687,797,149937,12875,12985,0.008019290368647902,-0.0004447838496610679
0.628,0.295,0.9466407766990291,0.9386214863303812,0.9426140757927302,12188,687,797,149937,12875,12985,0.008019290368647902,-0.0004447838496610679
0.616,0.305,0.9460130313372634,0.9392375818251829,0.9426131313521661,12196,696,789,149928,12892,12985,0.006775449512080534,-0.0004457282902251558
0.522,0.345,0.9422129886118806,0.9430111667308433,0.9426119087025133,12245,751,740,149873,12996,12985,0.0007981781189626558,-0.00044695093987789924
0.534,0.305,0.9422129886118806,0.9430111667308433,0.9426119087025133,12245,751,740,149873,12996,12985,0.0007981781189626558,-0.00044695093987789924
0.642,0.345,0.947971025780824,0.9373122834039276,0.9426115241635687,12171,668,814,149956,12839,12985,0.010658742376896457,-0.0004473354788224748
0.526,0.275,0.9415968646737878,0.943627262225645,0.9426109700746211,12253,760,732,149864,13013,12985,0.002030397551857188,-0.0004478895677700878
0.526,0.28,0.9415968646737878,0.943627262225645,0.9426109700746211,12253,760,732,149864,13013,12985,0.002030397551857188,-0.0004478895677700878
0.528,0.26,0.9415968646737878,0.943627262225645,0.9426109700746211,12253,760,732,149864,13013,12985,0.002030397551857188,-0.0004478895677700878
0.528,0.265,0.9415968646737878,0.943627262225645,0.9426109700746211,12253,760,732,149864,13013,12985,0.002030397551857188,-0.0004478895677700878
0.628,0.355,0.9473397635345364,0.9379283788987293,0.94261058008591,12179,677,806,149947,12856,12985,0.009411384635807152,-0.00044827955648119033
0.634,0.33,0.9473397635345364,0.9379283788987293,0.94261058008591,12179,677,806,149947,12856,12985,0.009411384635807152,-0.00044827955648119033
0.648,0.27,0.9473397635345364,0.9379283788987293,0.94261058008591,12179,677,806,149947,12856,12985,0.009411384635807152,-0.00044827955648119033
0.65,0.27,0.9473397635345364,0.9379283788987293,0.94261058008591,12179,677,806,149947,12856,12985,0.009411384635807152,-0.00044827955648119033
0.61,0.345,0.9460822342901474,0.9391605698883327,0.9426086956521739,12195,695,790,149929,12890,12985,0.006921664401814631,-0.000450163990217356
0.616,0.31,0.9460822342901474,0.9391605698883327,0.9426086956521739,12195,695,790,149929,12890,12985,0.006921664401814631,-0.000450163990217356
0.616,0.315,0.9460822342901474,0.9391605698883327,0.9426086956521739,12195,695,790,149929,12890,12985,0.006921664401814631,-0.000450163990217356
0.616,0.32,0.9460822342901474,0.9391605698883327,0.9426086956521739,12195,695,790,149929,12890,12985,0.006921664401814631,-0.000450163990217356
0.536,0.36,0.9428989751098097,0.9423180592991913,0.942608427702026,12236,741,749,149883,12977,12985,0.0005809158106183654,-0.0004504319403652035
0.54,0.345,0.9428989751098097,0.9423180592991913,0.942608427702026,12236,741,749,149883,12977,12985,0.0005809158106183654,-0.0004504319403652035
0.606,0.3,0.945455954133416,0.9397766653831344,0.9426077552912098,12203,704,782,149920,12907,12985,0.005679288750281564,-0.00045110435118145276
0.608,0.3,0.945455954133416,0.9397766653831344,0.9426077552912098,12203,704,782,149920,12907,12985,0.005679288750281564,-0.00045110435118145276
0.614,0.26,0.945455954133416,0.9397766653831344,0.9426077552912098,12203,704,782,149920,12907,12985,0.005679288750281564,-0.00045110435118145276
0.614,0.265,0.945455954133416,0.9397766653831344,0.9426077552912098,12203,704,782,149920,12907,12985,0.005679288750281564,-0.00045110435118145276
0.524,0.345,0.9422810527935971,0.9429341547939931,0.9426074906655375,12244,750,741,149874,12994,12985,0.0006531020003960331,-0.0004513689768537166
0.534,0.31,0.9422810527935971,0.9429341547939931,0.9426074906655375,12244,750,741,149874,12994,12985,0.0006531020003960331,-0.0004513689768537166
0.534,0.315,0.9422810527935971,0.9429341547939931,0.9426074906655375,12244,750,741,149874,12994,12985,0.0006531020003960331,-0.0004513689768537166
0.534,0.32,0.9422810527935971,0.9429341547939931,0.9426074906655375,12244,750,741,149874,12994,12985,0.0006531020003960331,-0.0004513689768537166
0.53,0.27,0.9416647452155869,0.9435502502887948,0.9426065548545931,12252,759,733,149865,13011,12985,0.0018855050732079492,-0.000452304787798119
0.636,0.33,0.9474093667340906,0.9378513669618791,0.9426061380084368,12178,676,807,149948,12854,12985,0.0095579997722115,-0.00045272163395437826
0.648,0.275,0.9474093667340906,0.9378513669618791,0.9426061380084368,12178,676,807,149948,12854,12985,0.0095579997722115,-0.00045272163395437826
0.648,0.28,0.9474093667340906,0.9378513669618791,0.9426061380084368,12178,676,807,149948,12854,12985,0.0095579997722115,-0.00045272163395437826
0.65,0.275,0.9474093667340906,0.9378513669618791,0.9426061380084368,12178,676,807,149948,12854,12985,0.0095579997722115,-0.00045272163395437826
0.65,0.28,0.9474093667340906,0.9378513669618791,0.9426061380084368,12178,676,807,149948,12854,12985,0.0095579997722115,-0.00045272163395437826
0.624,0.34,0.9467795820060602,0.9384674624566808,0.942605198019802,12186,685,799,149939,12871,12985,0.008312119549379382,-0.0004536616225891965
0.628,0.305,0.9467795820060602,0.9384674624566808,0.942605198019802,12186,685,799,149939,12871,12985,0.008312119549379382,-0.0004536616225891965
0.624,0.285,0.9461514587212911,0.9390835579514825,0.9426042592664168,12194,694,791,149930,12888,12985,0.007067900769808677,-0.00045460037597444547
0.624,0.29,0.9461514587212911,0.9390835579514825,0.9426042592664168,12194,694,791,149930,12888,12985,0.007067900769808677,-0.00045460037597444547
0.538,0.36,0.9429672447013487,0.9422410473623412,0.9426040061633282,12235,740,750,149884,12975,12985,0.0007261973390075838,-0.0004548534790630443
0.526,0.345,0.9423491379310345,0.9428571428571428,0.9426030719482619,12243,749,742,149875,12992,12985,0.000508004926108363,-0.0004557876941293504
0.646,0.34,0.9481106349824698,0.9371582595302271,0.9426026336173509,12169,666,816,149958,12835,12985,0.010952375452242702,-0.0004562260250403627
0.522,0.3,0.9417326466292567,0.9434732383519445,0.9426021389551434,12251,758,734,149866,13009,12985,0.001740591722687812,-0.00045672068724778025
0.53,0.275,0.9417326466292567,0.9434732383519445,0.9426021389551434,12251,758,734,149866,13009,12985,0.001740591722687812,-0.00045672068724778025
0.53,0.28,0.9417326466292567,0.9434732383519445,0.9426021389551434,12251,758,734,149866,13009,12985,0.001740591722687812,-0.00045672068724778025
0.532,0.27,0.9417326466292567,0.9434732383519445,0.9426021389551434,12251,758,734,149866,13009,12985,0.001740591722687812,-0.00045672068724778025
0.634,0.335,0.9474789915966386,0.9377743550250289,0.9426016952432558,12177,675,808,149949,12852,12985,0.009704636571609693,-0.0004571643991354568
0.642,0.3,0.9474789915966386,0.9377743550250289,0.9426016952432558,12177,675,808,149949,12852,12985,0.009704636571609693,-0.0004571643991354568
0.646,0.285,0.9474789915966386,0.9377743550250289,0.9426016952432558,12177,675,808,149949,12852,12985,0.009704636571609693,-0.0004571643991354568
0.646,0.29,0.9474789915966386,0.9377743550250289,0.9426016952432558,12177,675,808,149949,12852,12985,0.009704636571609693,-0.0004571643991354568
0.628,0.31,0.9468490170176392,0.9383904505198306,0.9426007581031948,12185,684,800,149940,12869,12985,0.008458566497808628,-0.0004581015391964538
0.628,0.315,0.9468490170176392,0.9383904505198306,0.9426007581031948,12185,684,800,149940,12869,12985,0.008458566497808628,-0.0004581015391964538
0.628,0.32,0.9468490170176392,0.9383904505198306,0.9426007581031948,12185,684,800,149940,12869,12985,0.008458566497808628,-0.0004581015391964538
0.616,0.33,0.9462207046406953,0.9390065460146323,0.9425998221947354,12193,693,792,149931,12886,12985,0.007214158626063005,-0.0004590374476558523
0.618,0.325,0.9462207046406953,0.9390065460146323,0.9425998221947354,12193,693,792,149931,12886,12985,0.007214158626063005,-0.0004590374476558523
0.624,0.295,0.9462207046406953,0.9390065460146323,0.9425998221947354,12193,693,792,149931,12886,12985,0.007214158626063005,-0.0004590374476558523
0.626,0.26,0.9462207046406953,0.9390065460146323,0.9425998221947354,12193,693,792,149931,12886,12985,0.007214158626063005,-0.0004590374476558523
0.626,0.265,0.9462207046406953,0.9390065460146323,0.9425998221947354,12193,693,792,149931,12886,12985,0.007214158626063005,-0.0004590374476558523
0.61,0.3,0.9455940478958382,0.939622641509434,0.9425988875154512,12201,702,784,149922,12903,12985,0.005971406386404254,-0.00045997212694004475
0.528,0.34,0.9424172440338722,0.9427801309202927,0.9425986525505293,12242,748,743,149876,12990,12985,0.00036288688642049927,-0.00046020709186189723
0.534,0.33,0.9424172440338722,0.9427801309202927,0.9425986525505293,12242,748,743,149876,12990,12985,0.00036288688642049927,-0.00046020709186189723
0.54,0.3,0.9424172440338722,0.9427801309202927,0.9425986525505293,12242,748,743,149876,12990,12985,0.00036288688642049927,-0.00046020709186189723
0.648,0.345,0.9481804722200576,0.937081247593377,0.9425981873111783,12168,665,817,149959,12833,12985,0.01109922462668067,-0.00046067233121294127
0.65,0.345,0.9481804722200576,0.937081247593377,0.9425981873111783,12168,665,817,149959,12833,12985,0.01109922462668067,-0.00046067233121294127
0.524,0.3,0.9418005689244253,0.9433962264150944,0.9425977223761158,12250,757,735,149867,13007,12985,0.0015956574906690335,-0.000461137266275391
0.528,0.285,0.9418005689244253,0.9433962264150944,0.9425977223761158,12250,757,735,149867,13007,12985,0.0015956574906690335,-0.000461137266275391
0.528,0.29,0.9418005689244253,0.9433962264150944,0.9425977223761158,12250,757,735,149867,13007,12985,0.0015956574906690335,-0.000461137266275391
0.532,0.275,0.9418005689244253,0.9433962264150944,0.9425977223761158,12250,757,735,149867,13007,12985,0.0015956574906690335,-0.000461137266275391
0.532,0.28,0.9418005689244253,0.9433962264150944,0.9425977223761158,12250,757,735,149867,13007,12985,0.0015956574906690335,-0.000461137266275391
0.636,0.335,0.9475486381322957,0.9376973430881786,0.9425972517902069,12176,674,809,149950,12850,12985,0.009851295044117081,-0.0004616078521842981
0.646,0.295,0.9475486381322957,0.9376973430881786,0.9425972517902069,12176,674,809,149950,12850,12985,0.009851295044117081,-0.0004616078521842981
0.624,0.355,0.9469184736146732,0.9383134385829803,0.9425963174996131,12184,683,801,149941,12867,12985,0.008605035031692854,-0.00046254214277807737
0.638,0.27,0.9469184736146732,0.9383134385829803,0.9425963174996131,12184,683,801,149941,12867,12985,0.008605035031692854,-0.00046254214277807737
0.614,0.34,0.946289972058367,0.938929534077782,0.9425953844369708,12192,692,793,149932,12884,12985,0.007360437980584944,-0.0004634752054204494
0.614,0.285,0.9456631268893885,0.9395456295725837,0.942594452599861,12200,701,785,149923,12901,12985,0.006117497316804776,-0.0004644070425302571
0.614,0.29,0.9456631268893885,0.9395456295725837,0.942594452599861,12200,701,785,149923,12901,12985,0.006117497316804776,-0.0004644070425302571
0.53,0.345,0.9424853711117955,0.9427031189834424,0.9425942324721827,12241,747,744,149877,12988,12985,0.00021774787164685616,-0.0004646271702085647
0.646,0.355,0.9482503312290547,0.9370042356565268,0.9425937403160832,12167,664,818,149960,12831,12985,0.01124609557252787,-0.00046511932630799446
0.604,0.27,0.9450379315683543,0.9401617250673855,0.9425935219858704,12208,710,777,149914,12918,12985,0.0048762065009687605,-0.0004653376565207923
0.606,0.26,0.9450379315683543,0.9401617250673855,0.9425935219858704,12208,710,777,149914,12918,12985,0.0048762065009687605,-0.0004653376565207923
0.606,0.265,0.9450379315683543,0.9401617250673855,0.9425935219858704,12208,710,777,149914,12918,12985,0.0048762065009687605,-0.0004653376565207923
0.608,0.26,0.9450379315683543,0.9401617250673855,0.9425935219858704,12208,710,777,149914,12918,12985,0.0048762065009687605,-0.0004653376565207923
0.608,0.265,0.9450379315683543,0.9401617250673855,0.9425935219858704,12208,710,777,149914,12918,12985,0.0048762065009687605,-0.0004653376565207923
0.526,0.3,0.9418685121107266,0.9433192144782441,0.9425933051173528,12249,756,736,149868,13005,12985,0.0014507023675174313,-0.0004655545250383808
0.528,0.295,0.9418685121107266,0.9433192144782441,0.9425933051173528,12249,756,736,149868,13005,12985,0.0014507023675174313,-0.0004655545250383808
0.634,0.35,0.947618306351183,0.9376203311513285,0.942592807649131,12175,673,810,149951,12848,12985,0.00999797519985457,-0.0004660519932602192
0.628,0.33,0.946987951807229,0.9382364266461302,0.9425918762088975,12183,682,802,149942,12865,12985,0.008751525161098783,-0.0004669834334937173
0.638,0.275,0.946987951807229,0.9382364266461302,0.9425918762088975,12183,682,802,149942,12865,12985,0.008751525161098783,-0.0004669834334937173
0.638,0.28,0.946987951807229,0.9382364266461302,0.9425918762088975,12183,682,802,149942,12865,12985,0.008751525161098783,-0.0004669834334937173
0.64,0.27,0.946987951807229,0.9382364266461302,0.9425918762088975,12183,682,802,149942,12865,12985,0.008751525161098783,-0.0004669834334937173
0.616,0.335,0.9463592609843192,0.9388525221409318,0.942590945992964,12191,691,794,149933,12882,12985,0.007506738843387373,-0.0004679136494272207
0.624,0.305,0.9463592609843192,0.9388525221409318,0.942590945992964,12191,691,794,149933,12882,12985,0.007506738843387373,-0.0004679136494272207
0.614,0.295,0.9457322273044422,0.9394686176357335,0.9425900169989182,12199,700,786,149924,12899,12985,0.006263609668708647,-0.00046884264347302196
0.528,0.355,0.9425535191744956,0.9426261070465922,0.9425898117130646,12240,746,745,149878,12986,12985,7.258787209662998e-05,-0.0004690479293266714
0.532,0.345,0.9425535191744956,0.9426261070465922,0.9425898117130646,12240,746,745,149878,12986,12985,7.258787209662998e-05,-0.0004690479293266714
0.534,0.335,0.9425535191744956,0.9426261070465922,0.9425898117130646,12240,746,745,149878,12986,12985,7.258787209662998e-05,-0.0004690479293266714
0.604,0.275,0.945106844224218,0.9400847131305352,0.9425890892243542,12207,709,778,149915,12916,12985,0.005022131093682769,-0.0004697704180369744
0.604,0.28,0.945106844224218,0.9400847131305352,0.9425890892243542,12207,709,778,149915,12916,12985,0.005022131093682769,-0.0004697704180369744
0.636,0.35,0.9476879962634283,0.9375433192144782,0.9425883628198675,12174,672,811,149952,12846,12985,0.010144677048950057,-0.00047049682252375824
0.646,0.305,0.9476879962634283,0.9375433192144782,0.9425883628198675,12174,672,811,149952,12846,12985,0.010144677048950057,-0.00047049682252375824
0.648,0.3,0.9476879962634283,0.9375433192144782,0.9425883628198675,12174,672,811,149952,12846,12985,0.010144677048950057,-0.00047049682252375824
0.65,0.3,0.9476879962634283,0.9375433192144782,0.9425883628198675,12174,672,811,149952,12846,12985,0.010144677048950057,-0.00047049682252375824
0.522,0.26,0.941321044546851,0.9438582980361956,0.9425879638531051,12256,764,729,149860,13020,12985,0.0025372534893446375,-0.00047089578928616316
0.522,0.265,0.941321044546851,0.9438582980361956,0.9425879638531051,12256,764,729,149860,13020,12985,0.0025372534893446375,-0.00047089578928616316
0.626,0.34,0.9470574516053798,0.93815941470928,0.9425874342308883,12182,681,803,149943,12863,12985,0.008898036896099804,-0.0004714254115029126
0.64,0.275,0.9470574516053798,0.93815941470928,0.9425874342308883,12182,681,803,149943,12863,12985,0.008898036896099804,-0.0004714254115029126
0.64,0.28,0.9470574516053798,0.93815941470928,0.9425874342308883,12182,681,803,149943,12863,12985,0.008898036896099804,-0.0004714254115029126
0.642,0.26,0.9470574516053798,0.93815941470928,0.9425874342308883,12182,681,803,149943,12863,12985,0.008898036896099804,-0.0004714254115029126
0.642,0.265,0.9470574516053798,0.93815941470928,0.9425874342308883,12182,681,803,149943,12863,12985,0.008898036896099804,-0.0004714254115029126
0.614,0.355,0.9464285714285714,0.9387755102040817,0.9425865068625556,12190,690,795,149934,12880,12985,0.007653061224489721,-0.0004723527798355942
0.624,0.31,0.9464285714285714,0.9387755102040817,0.9425865068625556,12190,690,795,149934,12880,12985,0.007653061224489721,-0.0004723527798355942
0.624,0.315,0.9464285714285714,0.9387755102040817,0.9425865068625556,12190,690,795,149934,12880,12985,0.007653061224489721,-0.0004723527798355942
0.624,0.32,0.9464285714285714,0.9387755102040817,0.9425865068625556,12190,690,795,149934,12880,12985,0.007653061224489721,-0.0004723527798355942
0.626,0.285,0.9464285714285714,0.9387755102040817,0.9425865068625556,12190,690,795,149934,12880,12985,0.007653061224489721,-0.0004723527798355942
0.626,0.29,0.9464285714285714,0.9387755102040817,0.9425865068625556,12190,690,795,149934,12880,12985,0.007653061224489721,-0.0004723527798355942
0.61,0.26,0.945175778225182,0.940007701193685,0.9425846557782155,12206,708,779,149916,12914,12985,0.005168077031496909,-0.00047420386417573734
0.61,0.265,0.945175778225182,0.940007701193685,0.9425846557782155,12206,708,779,149916,12914,12985,0.005168077031496909,-0.00047420386417573734
0.528,0.305,0.9420044611952927,0.9431651906045437,0.9425844685599939,12247,754,738,149870,13001,12985,0.001160729409251049,-0.00047439108239732963
0.53,0.3,0.9420044611952927,0.9431651906045437,0.9425844685599939,12247,754,738,149870,13001,12985,0.001160729409251049,-0.00047439108239732963
0.54,0.26,0.9420044611952927,0.9431651906045437,0.9425844685599939,12247,754,738,149870,13001,12985,0.001160729409251049,-0.00047439108239732963
0.54,0.265,0.9420044611952927,0.9431651906045437,0.9425844685599939,12247,754,738,149870,13001,12985,0.001160729409251049,-0.00047439108239732963
0.638,0.345,0.9477577078791654,0.937466307277628,0.9425839173022571,12173,671,812,149953,12844,12985,0.010291400601537326,-0.0004749423401341213
0.646,0.31,0.9477577078791654,0.937466307277628,0.9425839173022571,12173,671,812,149953,12844,12985,0.010291400601537326,-0.0004749423401341213
0.646,0.315,0.9477577078791654,0.937466307277628,0.9425839173022571,12173,671,812,149953,12844,12985,0.010291400601537326,-0.0004749423401341213
0.646,0.32,0.9477577078791654,0.937466307277628,0.9425839173022571,12173,671,812,149953,12844,12985,0.010291400601537326,-0.0004749423401341213
0.524,0.26,0.941388846212936,0.9437812860993454,0.9425835480521478,12255,763,730,149861,13018,12985,0.00239243988640947,-0.000475311590243388
0.524,0.265,0.941388846212936,0.9437812860993454,0.9425835480521478,12255,763,730,149861,13018,12985,0.00239243988640947,-0.000475311590243388
0.628,0.335,0.9471269730192053,0.9380824027724297,0.942582991565426,12181,680,804,149944,12861,12985,0.00904457024677563,-0.0004758680769652024
0.616,0.35,0.9464979034011493,0.9386984982672314,0.9425820670455863,12189,689,796,149935,12878,12985,0.007799405133917858,-0.00047679259680488695
0.626,0.295,0.9464979034011493,0.9386984982672314,0.9425820670455863,12189,689,796,149935,12878,12985,0.007799405133917858,-0.00047679259680488695
0.604,0.345,0.9458704924389298,0.9393145937620331,0.9425811437403401,12197,698,788,149926,12895,12985,0.006555898676896765,-0.00047771590205114567
0.606,0.34,0.9458704924389298,0.9393145937620331,0.9425811437403401,12197,698,788,149926,12895,12985,0.006555898676896765,-0.00047771590205114567
0.608,0.34,0.9458704924389298,0.9393145937620331,0.9425811437403401,12197,698,788,149926,12895,12985,0.006555898676896765,-0.00047771590205114567
0.614,0.305,0.9458704924389298,0.9393145937620331,0.9425811437403401,12197,698,788,149926,12895,12985,0.006555898676896765,-0.00047771590205114567
0.622,0.27,0.9458704924389298,0.9393145937620331,0.9425811437403401,12197,698,788,149926,12895,12985,0.006555898676896765,-0.00047771590205114567
0.534,0.35,0.9426898782930211,0.9424720831728918,0.9425809681518851,12238,744,747,149880,12982,12985,0.000217795120129316,-0.00047789149050614377
0.606,0.285,0.9452447335811648,0.9399306892568348,0.942580221647295,12205,707,780,149917,12912,12985,0.005314044324330025,-0.0004786379950961761
0.606,0.29,0.9452447335811648,0.9399306892568348,0.942580221647295,12205,707,780,149917,12912,12985,0.005314044324330025,-0.0004786379950961761
0.608,0.285,0.9452447335811648,0.9399306892568348,0.942580221647295,12205,707,780,149917,12912,12985,0.005314044324330025,-0.0004786379950961761
0.608,0.29,0.9452447335811648,0.9399306892568348,0.942580221647295,12205,707,780,149917,12912,12985,0.005314044324330025,-0.0004786379950961761
0.528,0.31,0.9420724671128549,0.9430881786676935,0.9425800492610837,12246,753,739,149871,12999,12985,0.0010157115548385942,-0.00047881038130748177
0.528,0.315,0.9420724671128549,0.9430881786676935,0.9425800492610837,12246,753,739,149871,12999,12985,0.0010157115548385942,-0.00047881038130748177
0.528,0.32,0.9420724671128549,0.9430881786676935,0.9425800492610837,12246,753,739,149871,12999,12985,0.0010157115548385942,-0.00047881038130748177
0.532,0.3,0.9420724671128549,0.9430881786676935,0.9425800492610837,12246,753,739,149871,12999,12985,0.0010157115548385942,-0.00047881038130748177
0.542,0.27,0.9420724671128549,0.9430881786676935,0.9425800492610837,12246,753,739,149871,12999,12985,0.0010157115548385942,-0.00047881038130748177
0.64,0.345,0.9478274412085345,0.9373892953407779,0.9425794710961396,12172,670,813,149954,12842,12985,0.010438145867756599,-0.0004793885462516245
0.526,0.26,0.9414566687154272,0.9437042741624951,0.9425791315718626,12254,762,731,149862,13016,12985,0.002247605447067924,-0.0004797280705286511
0.526,0.265,0.9414566687154272,0.9437042741624951,0.9425791315718626,12254,762,731,149862,13016,12985,0.002247605447067924,-0.0004797280705286511
0.626,0.355,0.9471965160587915,0.9380053908355795,0.942578548212351,12180,679,805,149945,12859,12985,0.009191125223211971,-0.0004803114300402367
0.634,0.325,0.9471965160587915,0.9380053908355795,0.942578548212351,12180,679,805,149945,12859,12985,0.009191125223211971,-0.0004803114300402367
0.644,0.27,0.9471965160587915,0.9380053908355795,0.942578548212351,12180,679,805,149945,12859,12985,0.009191125223211971,-0.0004803114300402367
0.624,0.33,0.9465672569120845,0.9386214863303812,0.9425776265418971,12188,688,797,149936,12876,12985,0.007945770581703315,-0.00048123310049408285
0.614,0.31,0.9459396571783139,0.9392375818251829,0.9425767060823866,12196,697,789,149927,12893,12985,0.006702075353130943,-0.0004821535600045834
0.614,0.315,0.9459396571783139,0.9392375818251829,0.9425767060823866,12196,697,789,149927,12893,12985,0.006702075353130943,-0.0004821535600045834
0.614,0.32,0.9459396571783139,0.9392375818251829,0.9425767060823866,12196,697,789,149927,12893,12985,0.006702075353130943,-0.0004821535600045834
0.622,0.275,0.9459396571783139,0.9392375818251829,0.9425767060823866,12196,697,789,149927,12893,12985,0.006702075353130943,-0.0004821535600045834
0.622,0.28,0.9459396571783139,0.9392375818251829,0.9425767060823866,12196,697,789,149927,12893,12985,0.006702075353130943,-0.0004821535600045834
0.606,0.295,0.9453137103020914,0.9398536773199846,0.9425757868314346,12204,706,781,149918,12910,12985,0.005460032982106844,-0.0004830728109566085
0.608,0.295,0.9453137103020914,0.9398536773199846,0.9425757868314346,12204,706,781,149918,12910,12985,0.005460032982106844,-0.0004830728109566085
0.612,0.27,0.9453137103020914,0.9398536773199846,0.9425757868314346,12204,706,781,149918,12910,12985,0.005460032982106844,-0.0004830728109566085
0.522,0.34,0.9421404939601447,0.9430111667308433,0.9425756292818105,12245,752,740,149872,12997,12985,0.0008706727706986328,-0.0004832303605807331
0.542,0.275,0.9421404939601447,0.9430111667308433,0.9425756292818105,12245,752,740,149872,12997,12985,0.0008706727706986328,-0.0004832303605807331
0.542,0.28,0.9421404939601447,0.9430111667308433,0.9425756292818105,12245,752,740,149872,12997,12985,0.0008706727706986328,-0.0004832303605807331
0.642,0.34,0.9478971962616822,0.9373122834039276,0.9425750242013553,12171,669,814,149955,12840,12985,0.010584912857754647,-0.000483835441035918
0.646,0.33,0.9478971962616822,0.9373122834039276,0.9425750242013553,12171,669,814,149955,12840,12985,0.010584912857754647,-0.000483835441035918
0.522,0.285,0.9415245120639312,0.943627262225645,0.9425747144120928,12253,761,732,149863,13014,12985,0.0021027501617137956,-0.00048414523029838286
0.522,0.29,0.9415245120639312,0.943627262225645,0.9425747144120928,12253,761,732,149863,13014,12985,0.0021027501617137956,-0.00048414523029838286
0.628,0.35,0.9472660807342304,0.9379283788987293,0.9425741041715038,12179,678,806,149946,12857,12985,0.009337701835501089,-0.00048475547088744353
0.636,0.325,0.9472660807342304,0.9379283788987293,0.9425741041715038,12179,678,806,149946,12857,12985,0.009337701835501089,-0.00048475547088744353
0.638,0.3,0.9472660807342304,0.9379283788987293,0.9425741041715038,12179,678,806,149946,12857,12985,0.009337701835501089,-0.00048475547088744353
0.642,0.285,0.9472660807342304,0.9379283788987293,0.9425741041715038,12179,678,806,149946,12857,12985,0.009337701835501089,-0.00048475547088744353
0.642,0.29,0.9472660807342304,0.9379283788987293,0.9425741041715038,12179,678,806,149946,12857,12985,0.009337701835501089,-0.00048475547088744353
0.644,0.275,0.9472660807342304,0.9379283788987293,0.9425741041715038,12179,678,806,149946,12857,12985,0.009337701835501089,-0.00048475547088744353
0.644,0.28,0.9472660807342304,0.9379283788987293,0.9425741041715038,12179,678,806,149946,12857,12985,0.009337701835501089,-0.00048475547088744353
0.648,0.26,0.9472660807342304,0.9379283788987293,0.9425741041715038,12179,678,806,149946,12857,12985,0.009337701835501089,-0.00048475547088744353
0.648,0.265,0.9472660807342304,0.9379283788987293,0.9425741041715038,12179,678,806,149946,12857,12985,0.009337701835501089,-0.00048475547088744353
0.65,0.26,0.9472660807342304,0.9379283788987293,0.9425741041715038,12179,678,806,149946,12857,12985,0.009337701835501089,-0.00048475547088744353
0.65,0.265,0.9472660807342304,0.9379283788987293,0.9425741041715038,12179,678,806,149946,12857,12985,0.009337701835501089,-0.00048475547088744353
0.626,0.305,0.9466366319714152,0.938544474393531,0.9425731853513283,12187,687,798,149937,12874,12985,0.008092157577884285,-0.000485674291062943
0.606,0.355,0.9460088433791017,0.9391605698883327,0.942572267738445,12195,696,790,149928,12891,12985,0.006848273490768997,-0.00048659190394617635
0.608,0.355,0.9460088433791017,0.9391605698883327,0.942572267738445,12195,696,790,149928,12891,12985,0.006848273490768997,-0.00048659190394617635
0.61,0.34,0.9460088433791017,0.9391605698883327,0.942572267738445,12195,696,790,149928,12891,12985,0.006848273490768997,-0.00048659190394617635
0.54,0.34,0.9428263214670982,0.9423180592991913,0.942572121865732,12236,742,749,149882,12978,12985,0.0005082621679068922,-0.00048673777665919626
0.604,0.3,0.9453827083978927,0.9397766653831344,0.9425713513304753,12203,705,782,149919,12908,12985,0.005606043014758311,-0.0004875083119159074
0.61,0.285,0.9453827083978927,0.9397766653831344,0.9425713513304753,12203,705,782,149919,12908,12985,0.005606043014758311,-0.0004875083119159074
0.61,0.29,0.9453827083978927,0.9397766653831344,0.9425713513304753,12203,705,782,149919,12908,12985,0.005606043014758311,-0.0004875083119159074
0.612,0.275,0.9453827083978927,0.9397766653831344,0.9425713513304753,12203,705,782,149919,12908,12985,0.005606043014758311,-0.0004875083119159074
0.612,0.28,0.9453827083978927,0.9397766653831344,0.9425713513304753,12203,705,782,149919,12908,12985,0.005606043014758311,-0.0004875083119159074
0.524,0.34,0.9422085417468257,0.9429341547939931,0.9425712086220169,12244,751,741,149873,12995,12985,0.0007256130471674505,-0.0004876510203742912
0.528,0.33,0.9422085417468257,0.9429341547939931,0.9425712086220169,12244,751,741,149873,12995,12985,0.0007256130471674505,-0.0004876510203742912
0.54,0.285,0.9422085417468257,0.9429341547939931,0.9425712086220169,12244,751,741,149873,12995,12985,0.0007256130471674505,-0.0004876510203742912
0.54,0.29,0.9422085417468257,0.9429341547939931,0.9425712086220169,12244,751,741,149873,12995,12985,0.0007256130471674505,-0.0004876510203742912
0.544,0.27,0.9422085417468257,0.9429341547939931,0.9425712086220169,12244,751,741,149873,12995,12985,0.0007256130471674505,-0.0004876510203742912
0.522,0.295,0.9415923762680602,0.9435502502887948,0.9425702965726815,12252,760,733,149864,13012,12985,0.0019578740207345513,-0.0004885630697096799
0.524,0.285,0.9415923762680602,0.9435502502887948,0.9425702965726815,12252,760,733,149864,13012,12985,0.0019578740207345513,-0.0004885630697096799
0.524,0.29,0.9415923762680602,0.9435502502887948,0.9425702965726815,12252,760,733,149864,13012,12985,0.0019578740207345513,-0.0004885630697096799
0.53,0.26,0.9415923762680602,0.9435502502887948,0.9425702965726815,12252,760,733,149864,13012,12985,0.0019578740207345513,-0.0004885630697096799
0.53,0.265,0.9415923762680602,0.9435502502887948,0.9425702965726815,12252,760,733,149864,13012,12985,0.0019578740207345513,-0.0004885630697096799
0.64,0.3,0.9473356670556203,0.9378513669618791,0.9425696594427244,12178,677,807,149947,12855,12985,0.009484300093741238,-0.0004892001996668061
0.642,0.295,0.9473356670556203,0.9378513669618791,0.9425696594427244,12178,677,807,149947,12855,12985,0.009484300093741238,-0.0004892001996668061
0.618,0.36,0.9467060285891858,0.9384674624566808,0.9425687434737209,12186,686,799,149938,12872,12985,0.008238566132505065,-0.0004901161686703404
0.622,0.345,0.9467060285891858,0.9384674624566808,0.9425687434737209,12186,686,799,149938,12872,12985,0.008238566132505065,-0.0004901161686703404
0.624,0.335,0.9467060285891858,0.9384674624566808,0.9425687434737209,12186,686,799,149938,12872,12985,0.008238566132505065,-0.0004901161686703404
0.626,0.31,0.9467060285891858,0.9384674624566808,0.9425687434737209,12186,686,799,149938,12872,12985,0.008238566132505065,-0.0004901161686703404
0.626,0.315,0.9467060285891858,0.9384674624566808,0.9425687434737209,12186,686,799,149938,12872,12985,0.008238566132505065,-0.0004901161686703404
0.626,0.32,0.9467060285891858,0.9384674624566808,0.9425687434737209,12186,686,799,149938,12872,12985,0.008238566132505065,-0.0004901161686703404
0.614,0.33,0.9460780510512841,0.9390835579514825,0.9425678287083559,12194,695,791,149929,12889,12985,0.006994493099801602,-0.0004910309340353525
0.616,0.325,0.9460780510512841,0.9390835579514825,0.9425678287083559,12194,695,791,149929,12889,12985,0.006994493099801602,-0.0004910309340353525
0.536,0.365,0.9428945745992602,0.9422410473623412,0.9425676977003967,12235,741,750,149883,12976,12985,0.000653527236919027,-0.0004911619419945001
0.542,0.345,0.9428945745992602,0.9422410473623412,0.9425676977003967,12235,741,750,149883,12976,12985,0.000653527236919027,-0.0004911619419945001
0.606,0.305,0.9454517278785062,0.9396996534462841,0.9425669151442585,12202,704,783,149920,12906,12985,0.005752074432222032,-0.0004919444981327237
0.608,0.305,0.9454517278785062,0.9396996534462841,0.9425669151442585,12202,704,783,149920,12906,12985,0.005752074432222032,-0.0004919444981327237
0.61,0.295,0.9454517278785062,0.9396996534462841,0.9425669151442585,12202,704,783,149920,12906,12985,0.005752074432222032,-0.0004919444981327237
0.522,0.355,0.9422766104825675,0.9428571428571428,0.9425667872815459,12243,750,742,149874,12993,12985,0.0005805323745753377,-0.0004920723608453637
0.526,0.34,0.9422766104825675,0.9428571428571428,0.9425667872815459,12243,750,742,149874,12993,12985,0.0005805323745753377,-0.0004920723608453637
0.534,0.325,0.9422766104825675,0.9428571428571428,0.9425667872815459,12243,750,742,149874,12993,12985,0.0005805323745753377,-0.0004920723608453637
0.54,0.295,0.9422766104825675,0.9428571428571428,0.9425667872815459,12243,750,742,149874,12993,12985,0.0005805323745753377,-0.0004920723608453637
0.544,0.275,0.9422766104825675,0.9428571428571428,0.9425667872815459,12243,750,742,149874,12993,12985,0.0005805323745753377,-0.0004920723608453637
0.544,0.28,0.9422766104825675,0.9428571428571428,0.9425667872815459,12243,750,742,149874,12993,12985,0.0005805323745753377,-0.0004920723608453637
0.642,0.355,0.9480367715799315,0.9371582595302271,0.9425661283451454,12169,667,816,149957,12836,12985,0.010878512049704359,-0.0004927312972458076
0.644,0.345,0.9480367715799315,0.9371582595302271,0.9425661283451454,12169,667,816,149957,12836,12985,0.010878512049704359,-0.0004927312972458076
0.646,0.335,0.9480367715799315,0.9371582595302271,0.9425661283451454,12169,667,816,149957,12836,12985,0.010878512049704359,-0.0004927312972458076
0.524,0.295,0.9416602613374327,0.9434732383519445,0.9425658780534719,12251,759,734,149865,13010,12985,0.001812977014511774,-0.0004929815889193057
0.526,0.285,0.9416602613374327,0.9434732383519445,0.9425658780534719,12251,759,734,149865,13010,12985,0.001812977014511774,-0.0004929815889193057
0.526,0.29,0.9416602613374327,0.9434732383519445,0.9425658780534719,12251,759,734,149865,13010,12985,0.001812977014511774,-0.0004929815889193057
0.532,0.26,0.9416602613374327,0.9434732383519445,0.9425658780534719,12251,759,734,149865,13010,12985,0.001812977014511774,-0.0004929815889193057
0.532,0.265,0.9416602613374327,0.9434732383519445,0.9425658780534719,12251,759,734,149865,13010,12985,0.001812977014511774,-0.0004929815889193057
0.61,0.355,0.9461472802048576,0.9390065460146323,0.9425633889919603,12193,694,792,149930,12887,12985,0.007140734190225317,-0.0004954706504308737
0.612,0.345,0.9461472802048576,0.9390065460146323,0.9425633889919603,12193,694,792,149930,12887,12985,0.007140734190225317,-0.0004954706504308737
0.538,0.365,0.942962848774472,0.942164035425491,0.9425632728533456,12234,740,751,149884,12974,12985,0.0007988133489810201,-0.0004955867890455989
0.54,0.355,0.942962848774472,0.942164035425491,0.9425632728533456,12234,740,751,149884,12974,12985,0.0007988133489810201,-0.0004955867890455989
0.606,0.31,0.9455207687538748,0.939622641509434,0.9425624782726254,12201,703,784,149921,12904,12985,0.005898127244440832,-0.0004963813697658193
0.606,0.315,0.9455207687538748,0.939622641509434,0.9425624782726254,12201,703,784,149921,12904,12985,0.005898127244440832,-0.0004963813697658193
0.606,0.32,0.9455207687538748,0.939622641509434,0.9425624782726254,12201,703,784,149921,12904,12985,0.005898127244440832,-0.0004963813697658193
0.608,0.31,0.9455207687538748,0.939622641509434,0.9425624782726254,12201,703,784,149921,12904,12985,0.005898127244440832,-0.0004963813697658193
0.608,0.315,0.9455207687538748,0.939622641509434,0.9425624782726254,12201,703,784,149921,12904,12985,0.005898127244440832,-0.0004963813697658193
0.608,0.32,0.9455207687538748,0.939622641509434,0.9425624782726254,12201,703,784,149921,12904,12985,0.005898127244440832,-0.0004963813697658193
0.524,0.355,0.9423447001770456,0.9427801309202927,0.9425623652602403,12242,749,743,149875,12991,12985,0.0004354307432470339,-0.000496494382150936
0.528,0.335,0.9423447001770456,0.9427801309202927,0.9425623652602403,12242,749,743,149875,12991,12985,0.0004354307432470339,-0.000496494382150936
0.546,0.27,0.9423447001770456,0.9427801309202927,0.9425623652602403,12242,749,743,149875,12991,12985,0.0004354307432470339,-0.000496494382150936
0.648,0.34,0.9481065918653576,0.937081247593377,0.9425616793833997,12168,666,817,149958,12834,12985,0.011025344271980653,-0.0004971802589914809
0.65,0.34,0.9481065918653576,0.937081247593377,0.9425616793833997,12168,666,817,149958,12834,12985,0.011025344271980653,-0.0004971802589914809
0.522,0.305,0.9417281672816729,0.9433962264150944,0.942561458854307,12250,758,735,149866,13008,12985,0.0016680591334214956,-0.0004974007880842457
0.526,0.295,0.9417281672816729,0.9433962264150944,0.942561458854307,12250,758,735,149866,13008,12985,0.0016680591334214956,-0.0004974007880842457
0.642,0.305,0.9474749046766788,0.9376973430881786,0.9425607679207307,12176,675,809,149949,12851,12985,0.009777561588500183,-0.0004980917216604874
0.648,0.285,0.9474749046766788,0.9376973430881786,0.9425607679207307,12176,675,809,149949,12851,12985,0.009777561588500183,-0.0004980917216604874
0.648,0.29,0.9474749046766788,0.9376973430881786,0.9425607679207307,12176,675,809,149949,12851,12985,0.009777561588500183,-0.0004980917216604874
0.65,0.285,0.9474749046766788,0.9376973430881786,0.9425607679207307,12176,675,809,149949,12851,12985,0.009777561588500183,-0.0004980917216604874
0.65,0.29,0.9474749046766788,0.9376973430881786,0.9425607679207307,12176,675,809,149949,12851,12985,0.009777561588500183,-0.0004980917216604874
0.654,0.27,0.9474749046766788,0.9376973430881786,0.9425607679207307,12176,675,809,149949,12851,12985,0.009777561588500183,-0.0004980917216604874
0.624,0.35,0.9468448865402549,0.9383134385829803,0.9425598576567517,12184,684,801,149940,12868,12985,0.008531447957274563,-0.0004990019856395689
0.626,0.33,0.9468448865402549,0.9383134385829803,0.9425598576567517,12184,684,801,149940,12868,12985,0.008531447957274563,-0.0004990019856395689
0.628,0.325,0.9468448865402549,0.9383134385829803,0.9425598576567517,12184,684,801,149940,12868,12985,0.008531447957274563,-0.0004990019856395689
0.638,0.26,0.9468448865402549,0.9383134385829803,0.9425598576567517,12184,684,801,149940,12868,12985,0.008531447957274563,-0.0004990019856395689
0.638,0.265,0.9468448865402549,0.9383134385829803,0.9425598576567517,12184,684,801,149940,12868,12985,0.008531447957274563,-0.0004990019856395689
0.614,0.335,0.9462165308498254,0.938929534077782,0.9425589485890993,12192,693,793,149931,12885,12985,0.007286996772043364,-0.000499911053291946
0.622,0.3,0.9462165308498254,0.938929534077782,0.9425589485890993,12192,693,793,149931,12885,12985,0.007286996772043364,-0.000499911053291946
0.536,0.375,0.9430311440024669,0.9420870234886407,0.9425588473244213,12233,739,752,149885,12972,12985,0.0009441205138261966,-0.0005000123179699223
0.544,0.345,0.9430311440024669,0.9420870234886407,0.9425588473244213,12233,739,752,149885,12972,12985,0.0009441205138261966,-0.0005000123179699223
0.61,0.305,0.9455898310339482,0.9395456295725837,0.9425580407154169,12200,702,785,149922,12902,12985,0.006044201461364529,-0.0005008189269742891
0.526,0.355,0.9424128108399414,0.9427031189834424,0.9425579425579425,12241,748,744,149876,12989,12985,0.00029030814350095024,-0.0005009170844487709
0.53,0.34,0.9424128108399414,0.9427031189834424,0.9425579425579425,12241,748,744,149876,12989,12985,0.00029030814350095024,-0.0005009170844487709
0.54,0.305,0.9424128108399414,0.9427031189834424,0.9425579425579425,12241,748,744,149876,12989,12985,0.00029030814350095024,-0.0005009170844487709
0.542,0.3,0.9424128108399414,0.9427031189834424,0.9425579425579425,12241,748,744,149876,12989,12985,0.00029030814350095024,-0.0005009170844487709
0.546,0.275,0.9424128108399414,0.9427031189834424,0.9425579425579425,12241,748,744,149876,12989,12985,0.00029030814350095024,-0.0005009170844487709
0.546,0.28,0.9424128108399414,0.9427031189834424,0.9425579425579425,12241,748,744,149876,12989,12985,0.00029030814350095024,-0.0005009170844487709
0.548,0.27,0.9424128108399414,0.9427031189834424,0.9425579425579425,12241,748,744,149876,12989,12985,0.00029030814350095024,-0.0005009170844487709
0.646,0.35,0.948176433915212,0.9370042356565268,0.9425572297323469,12167,665,818,149959,12832,12985,0.011172198258685206,-0.0005016299100443211
0.604,0.26,0.9449647805557706,0.9401617250673855,0.942557134033354,12208,711,777,149913,12919,12985,0.004803055488385111,-0.0005017256090372735
0.604,0.265,0.9449647805557706,0.9401617250673855,0.942557134033354,12208,711,777,149913,12919,12985,0.004803055488385111,-0.0005017256090372735
0.522,0.31,0.9417960941104105,0.9433192144782441,0.9425570389750298,12249,757,736,149867,13006,12985,0.0015231203678335303,-0.0005018206673613745
0.522,0.315,0.9417960941104105,0.9433192144782441,0.9425570389750298,12249,757,736,149867,13006,12985,0.0015231203678335303,-0.0005018206673613745
0.522,0.32,0.9417960941104105,0.9433192144782441,0.9425570389750298,12249,757,736,149867,13006,12985,0.0015231203678335303,-0.0005018206673613745
0.524,0.305,0.9417960941104105,0.9433192144782441,0.9425570389750298,12249,757,736,149867,13006,12985,0.0015231203678335303,-0.0005018206673613745
0.53,0.285,0.9417960941104105,0.9433192144782441,0.9425570389750298,12249,757,736,149867,13006,12985,0.0015231203678335303,-0.0005018206673613745
0.53,0.29,0.9417960941104105,0.9433192144782441,0.9425570389750298,12249,757,736,149867,13006,12985,0.0015231203678335303,-0.0005018206673613745
0.642,0.31,0.9475445559965756,0.9376203311513285,0.9425563211271967,12175,674,810,149950,12849,12985,0.009924224845247132,-0.0005025385151945505
0.642,0.315,0.9475445559965756,0.9376203311513285,0.9425563211271967,12175,674,810,149950,12849,12985,0.009924224845247132,-0.0005025385151945505
0.642,0.32,0.9475445559965756,0.9376203311513285,0.9425563211271967,12175,674,810,149950,12849,12985,0.009924224845247132,-0.0005025385151945505
0.644,0.3,0.9475445559965756,0.9376203311513285,0.9425563211271967,12175,674,810,149950,12849,12985,0.009924224845247132,-0.0005025385151945505
0.648,0.295,0.9475445559965756,0.9376203311513285,0.9425563211271967,12175,674,810,149950,12849,12985,0.009924224845247132,-0.0005025385151945505
0.65,0.295,0.9475445559965756,0.9376203311513285,0.9425563211271967,12175,674,810,149950,12849,12985,0.009924224845247132,-0.0005025385151945505
0.654,0.275,0.9475445559965756,0.9376203311513285,0.9425563211271967,12175,674,810,149950,12849,12985,0.009924224845247132,-0.0005025385151945505
0.654,0.28,0.9475445559965756,0.9376203311513285,0.9425563211271967,12175,674,810,149950,12849,12985,0.009924224845247132,-0.0005025385151945505
0.64,0.26,0.9469143478936732,0.9382364266461302,0.942555413717071,12183,683,802,149941,12866,12985,0.008677921247543074,-0.0005034459253202561
0.64,0.265,0.9469143478936732,0.9382364266461302,0.942555413717071,12183,683,802,149941,12866,12985,0.008677921247543074,-0.0005034459253202561
0.538,0.375,0.9430994602929839,0.9420100115517905,0.9425544211134657,12232,738,753,149886,12970,12985,0.0010894487411933218,-0.000504438528925566
0.606,0.33,0.9456589147286821,0.9394686176357335,0.9425536024724744,12199,701,786,149923,12900,12985,0.0061902970929486045,-0.000505257169916784
0.608,0.33,0.9456589147286821,0.9394686176357335,0.9425536024724744,12199,701,786,149923,12900,12985,0.0061902970929486045,-0.000505257169916784
0.61,0.31,0.9456589147286821,0.9394686176357335,0.9425536024724744,12199,701,786,149923,12900,12985,0.0061902970929486045,-0.000505257169916784
0.61,0.315,0.9456589147286821,0.9394686176357335,0.9425536024724744,12199,701,786,149923,12900,12985,0.0061902970929486045,-0.000505257169916784
0.61,0.32,0.9456589147286821,0.9394686176357335,0.9425536024724744,12199,701,786,149923,12900,12985,0.0061902970929486045,-0.000505257169916784
0.612,0.3,0.9456589147286821,0.9394686176357335,0.9425536024724744,12199,701,786,149923,12900,12985,0.0061902970929486045,-0.000505257169916784
0.528,0.35,0.9424809424809425,0.9426261070465922,0.9425535191744956,12240,747,745,149877,12987,12985,0.00014516456564972469,-0.0005053404678956319
0.532,0.34,0.9424809424809425,0.9426261070465922,0.9425535191744956,12240,747,745,149877,12987,12985,0.00014516456564972469,-0.0005053404678956319
0.54,0.31,0.9424809424809425,0.9426261070465922,0.9425535191744956,12240,747,745,149877,12987,12985,0.00014516456564972469,-0.0005053404678956319
0.54,0.315,0.9424809424809425,0.9426261070465922,0.9425535191744956,12240,747,745,149877,12987,12985,0.00014516456564972469,-0.0005053404678956319
0.54,0.32,0.9424809424809425,0.9426261070465922,0.9425535191744956,12240,747,745,149877,12987,12985,0.00014516456564972469,-0.0005053404678956319
0.548,0.275,0.9424809424809425,0.9426261070465922,0.9425535191744956,12240,747,745,149877,12987,12985,0.00014516456564972469,-0.0005053404678956319
0.548,0.28,0.9424809424809425,0.9426261070465922,0.9425535191744956,12240,747,745,149877,12987,12985,0.00014516456564972469,-0.0005053404678956319
0.55,0.27,0.9424809424809425,0.9426261070465922,0.9425535191744956,12240,747,745,149877,12987,12985,0.00014516456564972469,-0.0005053404678956319
0.648,0.355,0.9482462977396726,0.9369272237196765,0.9425527793918265,12166,664,819,149960,12830,12985,0.0113190740199961,-0.0005060802505647555
0.65,0.355,0.9482462977396726,0.9369272237196765,0.9425527793918265,12166,664,819,149960,12830,12985,0.0113190740199961,-0.0005060802505647555
0.524,0.31,0.9418640418332821,0.9432422025413939,0.9425526184154835,12248,756,737,149868,13004,12985,0.0013781607081118086,-0.0005062412269076777
0.524,0.315,0.9418640418332821,0.9432422025413939,0.9425526184154835,12248,756,737,149868,13004,12985,0.0013781607081118086,-0.0005062412269076777
0.524,0.32,0.9418640418332821,0.9432422025413939,0.9425526184154835,12248,756,737,149868,13004,12985,0.0013781607081118086,-0.0005062412269076777
0.526,0.305,0.9418640418332821,0.9432422025413939,0.9425526184154835,12248,756,737,149868,13004,12985,0.0013781607081118086,-0.0005062412269076777
0.53,0.295,0.9418640418332821,0.9432422025413939,0.9425526184154835,12248,756,737,149868,13004,12985,0.0013781607081118086,-0.0005062412269076777
0.532,0.285,0.9418640418332821,0.9432422025413939,0.9425526184154835,12248,756,737,149868,13004,12985,0.0013781607081118086,-0.0005062412269076777
0.532,0.29,0.9418640418332821,0.9432422025413939,0.9425526184154835,12248,756,737,149868,13004,12985,0.0013781607081118086,-0.0005062412269076777
0.656,0.27,0.9476142290028801,0.9375433192144782,0.9425518736450914,12174,673,811,149951,12847,12985,0.01007090978840186,-0.0005069859972998136
0.626,0.335,0.9469838308457711,0.93815941470928,0.9425509690897133,12182,682,803,149942,12864,12985,0.008824416136491098,-0.0005078905526779698
0.614,0.35,0.9463550966539865,0.9387755102040817,0.9425500657233434,12190,691,795,149933,12881,12985,0.007579586449904863,-0.0005087939190477897
0.546,0.345,0.9431677976557681,0.9419329996149404,0.9425499942203214,12231,737,754,149887,12968,12985,0.0012347980408277115,-0.0005088654220698485
0.53,0.355,0.942549095109742,0.942549095109742,0.942549095109742,12239,746,746,149878,12985,12985,0.0,-0.0005097645326491707
0.544,0.3,0.942549095109742,0.942549095109742,0.942549095109742,12239,746,746,149878,12985,12985,0.0,-0.0005097645326491707
0.55,0.275,0.942549095109742,0.942549095109742,0.942549095109742,12239,746,746,149878,12985,12985,0.0,-0.0005097645326491707
0.55,0.28,0.942549095109742,0.942549095109742,0.942549095109742,12239,746,746,149878,12985,12985,0.0,-0.0005097645326491707
0.654,0.345,0.9483161833489242,0.9368502117828263,0.9425483283616782,12165,663,820,149961,12828,12985,0.011465971566097855,-0.0005105312807129891
0.522,0.33,0.9419320104599292,0.9431651906045437,0.9425481971755109,12247,755,738,149869,13002,12985,0.0012331801446144874,-0.0005106624668803628
0.526,0.31,0.9419320104599292,0.9431651906045437,0.9425481971755109,12247,755,738,149869,13002,12985,0.0012331801446144874,-0.0005106624668803628
0.526,0.315,0.9419320104599292,0.9431651906045437,0.9425481971755109,12247,755,738,149869,13002,12985,0.0012331801446144874,-0.0005106624668803628
0.526,0.32,0.9419320104599292,0.9431651906045437,0.9425481971755109,12247,755,738,149869,13002,12985,0.0012331801446144874,-0.0005106624668803628
0.532,0.295,0.9419320104599292,0.9431651906045437,0.9425481971755109,12247,755,738,149869,13002,12985,0.0012331801446144874,-0.0005106624668803628
0.634,0.36,0.9476839237057221,0.937466307277628,0.9425474254742547,12173,672,812,149952,12845,12985,0.010217616428094045,-0.000511434168136482
0.638,0.34,0.9476839237057221,0.937466307277628,0.9425474254742547,12173,672,812,149952,12845,12985,0.010217616428094045,-0.000511434168136482
0.642,0.33,0.9476839237057221,0.937466307277628,0.9425474254742547,12173,672,812,149952,12845,12985,0.010217616428094045,-0.000511434168136482
0.648,0.305,0.9476839237057221,0.937466307277628,0.9425474254742547,12173,672,812,149952,12845,12985,0.010217616428094045,-0.000511434168136482
0.65,0.305,0.9476839237057221,0.937466307277628,0.9425474254742547,12173,672,812,149952,12845,12985,0.010217616428094045,-0.000511434168136482
0.656,0.275,0.9476839237057221,0.937466307277628,0.9425474254742547,12173,672,812,149952,12845,12985,0.010217616428094045,-0.000511434168136482
0.656,0.28,0.9476839237057221,0.937466307277628,0.9425474254742547,12173,672,812,149952,12845,12985,0.010217616428094045,-0.000511434168136482
0.638,0.285,0.9470533354066242,0.9380824027724297,0.9425465237745192,12181,681,804,149943,12862,12985,0.008970932634194462,-0.0005123358678720269
0.638,0.29,0.9470533354066242,0.9380824027724297,0.9425465237745192,12181,681,804,149943,12862,12985,0.008970932634194462,-0.0005123358678720269
0.624,0.325,0.9464244118332169,0.9386984982672314,0.9425456232601299,12189,690,796,149934,12879,12985,0.007725913565985509,-0.0005132363822613062
0.63,0.27,0.9464244118332169,0.9386984982672314,0.9425456232601299,12189,690,796,149934,12879,12985,0.007725913565985509,-0.0005132363822613062
0.548,0.345,0.9432361561005708,0.9418559876780901,0.9425455666448307,12230,736,755,149888,12966,12985,0.0013801684224806765,-0.0005132929975605327
0.604,0.34,0.9457971464019851,0.9393145937620331,0.9425447239287507,12197,699,788,149925,12896,12985,0.006482552639952011,-0.0005141357136405622
0.606,0.335,0.9457971464019851,0.9393145937620331,0.9425447239287507,12197,699,788,149925,12896,12985,0.006482552639952011,-0.0005141357136405622
0.608,0.335,0.9457971464019851,0.9393145937620331,0.9425447239287507,12197,699,788,149925,12896,12985,0.006482552639952011,-0.0005141357136405622
0.61,0.33,0.9457971464019851,0.9393145937620331,0.9425447239287507,12197,699,788,149925,12896,12985,0.006482552639952011,-0.0005141357136405622
0.62,0.27,0.9457971464019851,0.9393145937620331,0.9425447239287507,12197,699,788,149925,12896,12985,0.006482552639952011,-0.0005141357136405622
0.622,0.26,0.9457971464019851,0.9393145937620331,0.9425447239287507,12197,699,788,149925,12896,12985,0.006482552639952011,-0.0005141357136405622
0.622,0.265,0.9457971464019851,0.9393145937620331,0.9425447239287507,12197,699,788,149925,12896,12985,0.006482552639952011,-0.0005141357136405622
0.532,0.355,0.9426172687360395,0.9424720831728918,0.9425446703635244,12238,745,747,149879,12983,12985,0.00014518556314768727,-0.0005141892788668168
0.54,0.33,0.9426172687360395,0.9424720831728918,0.9425446703635244,12238,745,747,149879,12983,12985,0.00014518556314768727,-0.0005141892788668168
0.604,0.285,0.9451715325640827,0.9399306892568348,0.9425438257780523,12205,708,780,149916,12913,12985,0.005240843307247944,-0.0005150338643389318
0.604,0.29,0.9451715325640827,0.9399306892568348,0.9425438257780523,12205,708,780,149916,12913,12985,0.005240843307247944,-0.0005150338643389318
0.524,0.33,0.942,0.9430881786676935,0.9425437752549548,12246,754,739,149870,13000,12985,0.0010881786676935068,-0.0005150843874364153
0.53,0.305,0.942,0.9430881786676935,0.9425437752549548,12246,754,739,149870,13000,12985,0.0010881786676935068,-0.0005150843874364153
0.542,0.26,0.942,0.9430881786676935,0.9425437752549548,12246,754,739,149870,13000,12985,0.0010881786676935068,-0.0005150843874364153
0.542,0.265,0.942,0.9430881786676935,0.9425437752549548,12246,754,739,149870,13000,12985,0.0010881786676935068,-0.0005150843874364153
0.636,0.36,0.9477536401152379,0.9373892953407779,0.9425429766145269,12172,671,813,149953,12843,12985,0.010364344774460021,-0.0005158830278643167
0.64,0.34,0.9477536401152379,0.9373892953407779,0.9425429766145269,12172,671,813,149953,12843,12985,0.010364344774460021,-0.0005158830278643167
0.646,0.325,0.9477536401152379,0.9373892953407779,0.9425429766145269,12172,671,813,149953,12843,12985,0.010364344774460021,-0.0005158830278643167
0.648,0.31,0.9477536401152379,0.9373892953407779,0.9425429766145269,12172,671,813,149953,12843,12985,0.010364344774460021,-0.0005158830278643167
0.648,0.315,0.9477536401152379,0.9373892953407779,0.9425429766145269,12172,671,813,149953,12843,12985,0.010364344774460021,-0.0005158830278643167
0.648,0.32,0.9477536401152379,0.9373892953407779,0.9425429766145269,12172,671,813,149953,12843,12985,0.010364344774460021,-0.0005158830278643167
0.65,0.31,0.9477536401152379,0.9373892953407779,0.9425429766145269,12172,671,813,149953,12843,12985,0.010364344774460021,-0.0005158830278643167
0.65,0.315,0.9477536401152379,0.9373892953407779,0.9425429766145269,12172,671,813,149953,12843,12985,0.010364344774460021,-0.0005158830278643167
0.65,0.32,0.9477536401152379,0.9373892953407779,0.9425429766145269,12172,671,813,149953,12843,12985,0.010364344774460021,-0.0005158830278643167
0.658,0.27,0.9477536401152379,0.9373892953407779,0.9425429766145269,12172,671,813,149953,12843,12985,0.010364344774460021,-0.0005158830278643167
0.626,0.35,0.9471228615863142,0.9380053908355795,0.9425420777713291,12180,680,805,149944,12860,12985,0.009117470750734658,-0.0005167818710620775
0.638,0.295,0.9471228615863142,0.9380053908355795,0.9425420777713291,12180,680,805,149944,12860,12985,0.009117470750734658,-0.0005167818710620775
0.64,0.285,0.9471228615863142,0.9380053908355795,0.9425420777713291,12180,680,805,149944,12860,12985,0.009117470750734658,-0.0005167818710620775
0.64,0.29,0.9471228615863142,0.9380053908355795,0.9425420777713291,12180,680,805,149944,12860,12985,0.009117470750734658,-0.0005167818710620775
0.644,0.26,0.9471228615863142,0.9380053908355795,0.9425420777713291,12180,680,805,149944,12860,12985,0.009117470750734658,-0.0005167818710620775
0.644,0.265,0.9471228615863142,0.9380053908355795,0.9425420777713291,12180,680,805,149944,12860,12985,0.009117470750734658,-0.0005167818710620775
0.63,0.275,0.9464937485439155,0.9386214863303812,0.9425411801098137,12188,689,797,149935,12877,12985,0.00787226221353432,-0.0005176795325775307
0.63,0.28,0.9464937485439155,0.9386214863303812,0.9425411801098137,12188,689,797,149935,12877,12985,0.00787226221353432,-0.0005176795325775307
0.55,0.345,0.943304535637149,0.9417789757412399,0.9425411383868358,12229,735,756,149889,12964,12985,0.0015255598959090788,-0.0005177212555553812
0.62,0.275,0.9458662944004964,0.9392375818251829,0.9425402836276517,12196,698,789,149926,12894,12985,0.0066287125753135,-0.0005185760147394802
0.62,0.28,0.9458662944004964,0.9392375818251829,0.9425402836276517,12196,698,789,149926,12894,12985,0.0066287125753135,-0.0005185760147394802
0.546,0.3,0.9426854633695401,0.9423950712360416,0.9425402449356851,12237,744,748,149880,12981,12985,0.0002903921334984627,-0.0005186147067061109
0.656,0.345,0.9484560199625702,0.9366961879091259,0.9425394242318572,12163,661,822,149963,12824,12985,0.01175983205344433,-0.0005194354105340082
0.604,0.295,0.9452404926032065,0.9398536773199846,0.9425393883225208,12204,707,781,149917,12911,12985,0.005386815283221935,-0.0005194713198704015
0.612,0.26,0.9452404926032065,0.9398536773199846,0.9425393883225208,12204,707,781,149917,12911,12985,0.005386815283221935,-0.0005194713198704015
0.612,0.265,0.9452404926032065,0.9398536773199846,0.9425393883225208,12204,707,781,149917,12911,12985,0.005386815283221935,-0.0005194713198704015
0.522,0.335,0.9420680104631481,0.9430111667308433,0.9425393526536582,12245,753,740,149871,12998,12985,0.0009431562676951444,-0.0005195069887330428
0.526,0.33,0.9420680104631481,0.9430111667308433,0.9425393526536582,12245,753,740,149871,12998,12985,0.0009431562676951444,-0.0005195069887330428
0.528,0.325,0.9420680104631481,0.9430111667308433,0.9425393526536582,12245,753,740,149871,12998,12985,0.0009431562676951444,-0.0005195069887330428
0.53,0.31,0.9420680104631481,0.9430111667308433,0.9425393526536582,12245,753,740,149871,12998,12985,0.0009431562676951444,-0.0005195069887330428
0.53,0.315,0.9420680104631481,0.9430111667308433,0.9425393526536582,12245,753,740,149871,12998,12985,0.0009431562676951444,-0.0005195069887330428
0.53,0.32,0.9420680104631481,0.9430111667308433,0.9425393526536582,12245,753,740,149871,12998,12985,0.0009431562676951444,-0.0005195069887330428
0.532,0.305,0.9420680104631481,0.9430111667308433,0.9425393526536582,12245,753,740,149871,12998,12985,0.0009431562676951444,-0.0005195069887330428
0.638,0.355,0.9478233782415699,0.9373122834039276,0.9425385270657477,12171,670,814,149954,12841,12985,0.010511094837642343,-0.000520332576643523
0.642,0.335,0.9478233782415699,0.9373122834039276,0.9425385270657477,12171,670,814,149954,12841,12985,0.010511094837642343,-0.000520332576643523
0.654,0.3,0.9478233782415699,0.9373122834039276,0.9425385270657477,12171,670,814,149954,12841,12985,0.010511094837642343,-0.000520332576643523
0.658,0.275,0.9478233782415699,0.9373122834039276,0.9425385270657477,12171,670,814,149954,12841,12985,0.010511094837642343,-0.000520332576643523
0.658,0.28,0.9478233782415699,0.9373122834039276,0.9425385270657477,12171,670,814,149954,12841,12985,0.010511094837642343,-0.000520332576643523
0.64,0.295,0.9471924093949292,0.9379283788987293,0.942537631079983,12179,679,806,149945,12858,12985,0.009264030496199949,-0.0005212285624082158
0.616,0.36,0.9465631067961165,0.938544474393531,0.9425367362722351,12187,688,798,149936,12875,12985,0.008018632402585602,-0.0005221233701561134
0.604,0.355,0.9459354638535525,0.9391605698883327,0.9425358426401825,12195,697,790,149927,12892,12985,0.006774893965219797,-0.0005230170022086922
0.606,0.35,0.9459354638535525,0.9391605698883327,0.9425358426401825,12195,697,790,149927,12892,12985,0.006774893965219797,-0.0005230170022086922
0.608,0.35,0.9459354638535525,0.9391605698883327,0.9425358426401825,12195,697,790,149927,12892,12985,0.006774893965219797,-0.0005230170022086922
0.61,0.335,0.9459354638535525,0.9391605698883327,0.9425358426401825,12195,697,790,149927,12892,12985,0.006774893965219797,-0.0005230170022086922
0.614,0.325,0.9459354638535525,0.9391605698883327,0.9425358426401825,12195,697,790,149927,12892,12985,0.006774893965219797,-0.0005230170022086922
0.534,0.36,0.9427536790199553,0.9423180592991913,0.9425358188260669,12236,743,749,149881,12979,12985,0.00043561972076400224,-0.0005230408163243716
0.54,0.335,0.9427536790199553,0.9423180592991913,0.9425358188260669,12236,743,749,149881,12979,12985,0.00043561972076400224,-0.0005230408163243716
0.548,0.3,0.9427536790199553,0.9423180592991913,0.9425358188260669,12236,743,749,149881,12979,12985,0.00043561972076400224,-0.0005230408163243716
0.524,0.335,0.9421360418590335,0.9429341547939931,0.9425349293714638,12244,752,741,149872,12996,12985,0.0007981129349595717,-0.0005239302709274529
0.532,0.31,0.9421360418590335,0.9429341547939931,0.9425349293714638,12244,752,741,149872,12996,12985,0.0007981129349595717,-0.0005239302709274529
0.532,0.315,0.9421360418590335,0.9429341547939931,0.9425349293714638,12244,752,741,149872,12996,12985,0.0007981129349595717,-0.0005239302709274529
0.532,0.32,0.9421360418590335,0.9429341547939931,0.9425349293714638,12244,752,741,149872,12996,12985,0.0007981129349595717,-0.0005239302709274529
0.544,0.26,0.9421360418590335,0.9429341547939931,0.9425349293714638,12244,752,741,149872,12996,12985,0.0007981129349595717,-0.0005239302709274529
0.544,0.265,0.9421360418590335,0.9429341547939931,0.9425349293714638,12244,752,741,149872,12996,12985,0.0007981129349595717,-0.0005239302709274529
0.64,0.355,0.9478931380948672,0.9372352714670774,0.9425340768277571,12170,669,815,149955,12839,12985,0.01065786662778978,-0.0005247828146340838
0.648,0.33,0.9478931380948672,0.9372352714670774,0.9425340768277571,12170,669,815,149955,12839,12985,0.01065786662778978,-0.0005247828146340838
0.65,0.33,0.9478931380948672,0.9372352714670774,0.9425340768277571,12170,669,815,149955,12839,12985,0.01065786662778978,-0.0005247828146340838
0.63,0.345,0.9472619788425638,0.9378513669618791,0.9425331837003212,12178,678,807,149946,12856,12985,0.009410611880684705,-0.0005256759420699808
0.638,0.305,0.9472619788425638,0.9378513669618791,0.9425331837003212,12178,678,807,149946,12856,12985,0.009410611880684705,-0.0005256759420699808
0.62,0.345,0.9466324865998602,0.9384674624566808,0.942532291747235,12186,687,799,149937,12873,12985,0.008165024143179433,-0.0005265678951562602
0.622,0.34,0.9466324865998602,0.9384674624566808,0.942532291747235,12186,687,799,149937,12873,12985,0.008165024143179433,-0.0005265678951562602
0.622,0.285,0.9460046547711404,0.9390835579514825,0.9425314009661836,12194,696,791,149928,12890,12985,0.006921096819657913,-0.0005274586762076261
0.622,0.29,0.9460046547711404,0.9390835579514825,0.9425314009661836,12194,696,791,149928,12890,12985,0.006921096819657913,-0.0005274586762076261
0.542,0.34,0.9428219156970024,0.9422410473623412,0.9425313920345121,12235,742,750,149882,12977,12985,0.0005808683346611998,-0.0005274676078791396
0.55,0.3,0.9428219156970024,0.9422410473623412,0.9425313920345121,12235,742,750,149882,12977,12985,0.0005808683346611998,-0.0005274676078791396
0.658,0.345,0.9485959438377535,0.9365421640354255,0.9425305173416005,12161,659,824,149965,12820,12985,0.012053779802328024,-0.0005283423007906851
0.604,0.305,0.9453784767955373,0.9396996534462841,0.9425305113548588,12202,705,783,149919,12907,12985,0.0056788233492531814,-0.0005283482875324541
0.522,0.35,0.9422040941973219,0.9428571428571428,0.9425305054082143,12243,751,742,149873,12994,12985,0.000653048659820965,-0.0005283542341769643
0.526,0.335,0.9422040941973219,0.9428571428571428,0.9425305054082143,12243,751,742,149873,12994,12985,0.000653048659820965,-0.0005283542341769643
0.53,0.33,0.9422040941973219,0.9428571428571428,0.9425305054082143,12243,751,742,149873,12994,12985,0.000653048659820965,-0.0005283542341769643
0.542,0.285,0.9422040941973219,0.9428571428571428,0.9425305054082143,12243,751,742,149873,12994,12985,0.000653048659820965,-0.0005283542341769643
0.542,0.29,0.9422040941973219,0.9428571428571428,0.9425305054082143,12243,751,742,149873,12994,12985,0.000653048659820965,-0.0005283542341769643
0.642,0.35,0.9479629196852847,0.9371582595302271,0.9425296259003949,12169,668,816,149956,12837,12985,0.010804660155057544,-0.0005292337419963156
0.644,0.34,0.9479629196852847,0.9371582595302271,0.9425296259003949,12169,668,816,149956,12837,12985,0.010804660155057544,-0.0005292337419963156
0.656,0.3,0.9479629196852847,0.9371582595302271,0.9425296259003949,12169,668,816,149956,12837,12985,0.010804660155057544,-0.0005292337419963156
0.628,0.36,0.9473315699393186,0.9377743550250289,0.942528735632184,12177,677,808,149947,12854,12985,0.009557214914289625,-0.0005301240102072446
0.638,0.31,0.9473315699393186,0.9377743550250289,0.942528735632184,12177,677,808,149947,12854,12985,0.009557214914289625,-0.0005301240102072446
0.638,0.315,0.9473315699393186,0.9377743550250289,0.942528735632184,12177,677,808,149947,12854,12985,0.009557214914289625,-0.0005301240102072446
0.638,0.32,0.9473315699393186,0.9377743550250289,0.942528735632184,12177,677,808,149947,12854,12985,0.009557214914289625,-0.0005301240102072446
0.64,0.305,0.9473315699393186,0.9377743550250289,0.942528735632184,12177,677,808,149947,12854,12985,0.009557214914289625,-0.0005301240102072446
0.644,0.285,0.9473315699393186,0.9377743550250289,0.942528735632184,12177,677,808,149947,12854,12985,0.009557214914289625,-0.0005301240102072446
0.644,0.29,0.9473315699393186,0.9377743550250289,0.942528735632184,12177,677,808,149947,12854,12985,0.009557214914289625,-0.0005301240102072446
0.618,0.365,0.9467018879651931,0.9383904505198306,0.9425278465346534,12185,686,800,149938,12871,12985,0.008311437445362446,-0.0005310131077378433
0.626,0.325,0.9467018879651931,0.9383904505198306,0.9425278465346534,12185,686,800,149938,12871,12985,0.008311437445362446,-0.0005310131077378433
0.54,0.35,0.9428901734104046,0.942164035425491,0.9425269645608629,12234,741,751,149883,12975,12985,0.0007261379849136107,-0.0005318950815282886
0.61,0.35,0.9460738671632526,0.9390065460146323,0.9425269586054961,12193,695,792,149929,12888,12985,0.007067321148620298,-0.0005319010368951549
0.612,0.34,0.9460738671632526,0.9390065460146323,0.9425269586054961,12193,695,792,149929,12888,12985,0.007067321148620298,-0.0005319010368951549
0.622,0.295,0.9460738671632526,0.9390065460146323,0.9425269586054961,12193,695,792,149929,12888,12985,0.007067321148620298,-0.0005319010368951549
0.524,0.35,0.9422721674876847,0.9427801309202927,0.9425260807637525,12242,750,743,149874,12992,12985,0.0005079634326079496,-0.0005327788786386733
0.532,0.33,0.9422721674876847,0.9427801309202927,0.9425260807637525,12242,750,743,149874,12992,12985,0.0005079634326079496,-0.0005327788786386733
0.542,0.295,0.9422721674876847,0.9427801309202927,0.9425260807637525,12242,750,743,149874,12992,12985,0.0005079634326079496,-0.0005327788786386733
0.546,0.26,0.9422721674876847,0.9427801309202927,0.9425260807637525,12242,750,743,149874,12992,12985,0.0005079634326079496,-0.0005327788786386733
0.546,0.265,0.9422721674876847,0.9427801309202927,0.9425260807637525,12242,750,743,149874,12992,12985,0.0005079634326079496,-0.0005327788786386733
0.604,0.31,0.9454475009686168,0.939622641509434,0.9425260718424102,12201,704,784,149920,12905,12985,0.005824859459182874,-0.0005327877999810049
0.604,0.315,0.9454475009686168,0.939622641509434,0.9425260718424102,12201,704,784,149920,12905,12985,0.005824859459182874,-0.0005327877999810049
0.604,0.32,0.9454475009686168,0.939622641509434,0.9425260718424102,12201,704,784,149920,12905,12985,0.005824859459182874,-0.0005327877999810049
0.612,0.285,0.9454475009686168,0.939622641509434,0.9425260718424102,12201,704,784,149920,12905,12985,0.005824859459182874,-0.0005327877999810049
0.612,0.29,0.9454475009686168,0.939622641509434,0.9425260718424102,12201,704,784,149920,12905,12985,0.005824859459182874,-0.0005327877999810049
0.648,0.335,0.948032723022984,0.937081247593377,0.9425251742835011,12168,667,817,149957,12835,12985,0.01095147542960706,-0.0005336853588900903
0.65,0.335,0.948032723022984,0.937081247593377,0.9425251742835011,12168,667,817,149957,12835,12985,0.01095147542960706,-0.0005336853588900903
0.64,0.31,0.9474011826953004,0.9376973430881786,0.9425242868754112,12176,676,809,149948,12852,12985,0.009703839607121734,-0.0005345727669799905
0.64,0.315,0.9474011826953004,0.9376973430881786,0.9425242868754112,12176,676,809,149948,12852,12985,0.009703839607121734,-0.0005345727669799905
0.64,0.32,0.9474011826953004,0.9376973430881786,0.9425242868754112,12176,676,809,149948,12852,12985,0.009703839607121734,-0.0005345727669799905
0.644,0.295,0.9474011826953004,0.9376973430881786,0.9425242868754112,12176,676,809,149948,12852,12985,0.009703839607121734,-0.0005345727669799905
0.654,0.26,0.9474011826953004,0.9376973430881786,0.9425242868754112,12176,676,809,149948,12852,12985,0.009703839607121734,-0.0005345727669799905
0.654,0.265,0.9474011826953004,0.9376973430881786,0.9425242868754112,12176,676,809,149948,12852,12985,0.009703839607121734,-0.0005345727669799905
0.622,0.355,0.946771310902168,0.9383134385829803,0.9425234006343313,12184,685,801,149939,12869,12985,0.00845787231918771,-0.0005354590080599575
0.63,0.3,0.946771310902168,0.9383134385829803,0.9425234006343313,12184,685,801,149939,12869,12985,0.00845787231918771,-0.0005354590080599575
0.536,0.37,0.9429584521698913,0.9420870234886407,0.9425225364049619,12233,740,752,149884,12973,12985,0.0008714286812505634,-0.0005363232374293592
0.542,0.355,0.9429584521698913,0.9420870234886407,0.9425225364049619,12233,740,752,149884,12973,12985,0.0008714286812505634,-0.0005363232374293592
0.544,0.34,0.9429584521698913,0.9420870234886407,0.9425225364049619,12233,740,752,149884,12973,12985,0.0008714286812505634,-0.0005363232374293592
0.62,0.3,0.9461431010398883,0.938929534077782,0.9425225155579606,12192,694,793,149930,12886,12985,0.007213566962106288,-0.0005363440844305956
0.526,0.35,0.9423402617397999,0.9427031189834424,0.9425216554379211,12241,749,744,149875,12990,12985,0.0003628572436424893,-0.0005372042044701208
0.53,0.335,0.9423402617397999,0.9427031189834424,0.9425216554379211,12241,749,744,149875,12990,12985,0.0003628572436424893,-0.0005372042044701208
0.544,0.285,0.9423402617397999,0.9427031189834424,0.9425216554379211,12241,749,744,149875,12990,12985,0.0003628572436424893,-0.0005372042044701208
0.544,0.29,0.9423402617397999,0.9427031189834424,0.9425216554379211,12241,749,744,149875,12990,12985,0.0003628572436424893,-0.0005372042044701208
0.548,0.26,0.9423402617397999,0.9427031189834424,0.9425216554379211,12241,749,744,149875,12990,12985,0.0003628572436424893,-0.0005372042044701208
0.548,0.265,0.9423402617397999,0.9427031189834424,0.9425216554379211,12241,749,744,149875,12990,12985,0.0003628572436424893,-0.0005372042044701208
0.606,0.325,0.9455165465395644,0.9395456295725837,0.9425216316440049,12200,703,785,149921,12903,12985,0.0059709169669807105,-0.0005372279983862915
0.608,0.325,0.9455165465395644,0.9395456295725837,0.9425216316440049,12200,703,785,149921,12903,12985,0.0059709169669807105,-0.0005372279983862915
0.612,0.295,0.9455165465395644,0.9395456295725837,0.9425216316440049,12200,703,785,149921,12903,12985,0.0059709169669807105,-0.0005372279983862915
0.644,0.355,0.948102548118133,0.9370042356565268,0.9425207219769154,12167,666,818,149958,12833,12985,0.011098312461606197,-0.0005381376654758352
0.658,0.3,0.948102548118133,0.9370042356565268,0.9425207219769154,12167,666,818,149958,12833,12985,0.011098312461606197,-0.0005381376654758352
0.638,0.33,0.9474708171206225,0.9376203311513285,0.9425198374298432,12175,675,810,149949,12850,12985,0.009850485969294054,-0.0005390222125479793
0.618,0.375,0.946840755420844,0.9382364266461302,0.9425189540461085,12183,684,802,149940,12867,12985,0.008604328774713843,-0.0005399055962826971
0.536,0.38,0.9430267519851977,0.9420100115517905,0.9425181075666512,12232,739,753,149885,12971,12985,0.0010167404334071595,-0.0005407520757400031
0.538,0.37,0.9430267519851977,0.9420100115517905,0.9425181075666512,12232,739,753,149885,12971,12985,0.0010167404334071595,-0.0005407520757400031
0.612,0.355,0.9462123564110525,0.9388525221409318,0.9425180718234181,12191,693,794,149931,12884,12985,0.007359834270120658,-0.0005407878189731541
0.622,0.305,0.9462123564110525,0.9388525221409318,0.9425180718234181,12191,693,794,149931,12884,12985,0.007359834270120658,-0.0005407878189731541
0.532,0.335,0.9424083769633508,0.9426261070465922,0.9425172294305626,12240,748,745,149876,12988,12985,0.00021773008324144083,-0.0005416302118286254
0.542,0.305,0.9424083769633508,0.9426261070465922,0.9425172294305626,12240,748,745,149876,12988,12985,0.00021773008324144083,-0.0005416302118286254
0.544,0.295,0.9424083769633508,0.9426261070465922,0.9425172294305626,12240,748,745,149876,12988,12985,0.00021773008324144083,-0.0005416302118286254
0.55,0.26,0.9424083769633508,0.9426261070465922,0.9425172294305626,12240,748,745,149876,12988,12985,0.00021773008324144083,-0.0005416302118286254
0.55,0.265,0.9424083769633508,0.9426261070465922,0.9425172294305626,12240,748,745,149876,12988,12985,0.00021773008324144083,-0.0005416302118286254
0.604,0.33,0.9455856135183319,0.9394686176357335,0.9425171907594839,12199,702,786,149922,12901,12985,0.006116995882598397,-0.000541668882907298
0.522,0.325,0.9417916186082276,0.9432422025413939,0.9425163524432473,12248,757,737,149867,13005,12985,0.0014505839331663273,-0.000542507199143949
0.648,0.35,0.9481723949809057,0.9369272237196765,0.9425162689804771,12166,665,819,149959,12831,12985,0.011245171261229148,-0.0005425906619140886
0.65,0.35,0.9481723949809057,0.9369272237196765,0.9425162689804771,12166,665,819,149959,12831,12985,0.011245171261229148,-0.0005425906619140886
0.64,0.33,0.9475404732254047,0.9375433192144782,0.9425153872953199,12174,674,811,149950,12848,12985,0.00999715401092649,-0.0005434723470713054
0.642,0.325,0.9475404732254047,0.9375433192144782,0.9425153872953199,12174,674,811,149950,12848,12985,0.00999715401092649,-0.0005434723470713054
0.644,0.305,0.9475404732254047,0.9375433192144782,0.9425153872953199,12174,674,811,149950,12848,12985,0.00999715401092649,-0.0005434723470713054
0.656,0.26,0.9475404732254047,0.9375433192144782,0.9425153872953199,12174,674,811,149950,12848,12985,0.00999715401092649,-0.0005434723470713054
0.656,0.265,0.9475404732254047,0.9375433192144782,0.9425153872953199,12174,674,811,149950,12848,12985,0.00999715401092649,-0.0005434723470713054
0.624,0.36,0.9469102215312865,0.93815941470928,0.9425145067698258,12182,683,803,149941,12865,12985,0.008750806822006463,-0.000544352872565379
0.538,0.38,0.9430950728660652,0.9419329996149404,0.9425136780457732,12231,738,754,149886,12969,12985,0.0011620732511248288,-0.0005451815966179829
0.544,0.355,0.9430950728660652,0.9419329996149404,0.9425136780457732,12231,738,754,149886,12969,12985,0.0011620732511248288,-0.0005451815966179829
0.546,0.34,0.9430950728660652,0.9419329996149404,0.9425136780457732,12231,738,754,149886,12969,12985,0.0011620732511248288,-0.0005451815966179829
0.622,0.31,0.9462816332867567,0.9387755102040817,0.9425136274017087,12190,692,795,149932,12882,12985,0.007506123082675065,-0.0005452322406824806
0.622,0.315,0.9462816332867567,0.9387755102040817,0.9425136274017087,12190,692,795,149932,12882,12985,0.007506123082675065,-0.0005452322406824806
0.622,0.32,0.9462816332867567,0.9387755102040817,0.9425136274017087,12190,692,795,149932,12882,12985,0.007506123082675065,-0.0005452322406824806
0.53,0.35,0.942476513168027,0.942549095109742,0.9425128027415194,12239,747,746,149877,12986,12985,7.258194171499976e-05,-0.0005460569008718386
0.54,0.325,0.942476513168027,0.942549095109742,0.9425128027415194,12239,747,746,149877,12986,12985,7.258194171499976e-05,-0.0005460569008718386
0.542,0.31,0.942476513168027,0.942549095109742,0.9425128027415194,12239,747,746,149877,12986,12985,7.258194171499976e-05,-0.0005460569008718386
0.542,0.315,0.942476513168027,0.942549095109742,0.9425128027415194,12239,747,746,149877,12986,12985,7.258194171499976e-05,-0.0005460569008718386
0.542,0.32,0.942476513168027,0.942549095109742,0.9425128027415194,12239,747,746,149877,12986,12985,7.258194171499976e-05,-0.0005460569008718386
0.546,0.285,0.942476513168027,0.942549095109742,0.9425128027415194,12239,747,746,149877,12986,12985,7.258194171499976e-05,-0.0005460569008718386
0.546,0.29,0.942476513168027,0.942549095109742,0.9425128027415194,12239,747,746,149877,12986,12985,7.258194171499976e-05,-0.0005460569008718386
0.61,0.325,0.9456547019148771,0.9393916056988834,0.942512749188688,12198,701,787,149923,12899,12985,0.0062630962159937464,-0.0005461104537032302
0.612,0.305,0.9456547019148771,0.9393916056988834,0.942512749188688,12198,701,787,149923,12899,12985,0.0062630962159937464,-0.0005461104537032302
0.524,0.325,0.9418595708682612,0.9431651906045437,0.9425119285824227,12247,756,738,149868,13003,12985,0.001305619736282515,-0.0005469310599685029
0.646,0.36,0.9482422636214826,0.9368502117828263,0.9425118152940264,12165,664,820,149960,12829,12985,0.011392051838656214,-0.0005470443483648335
0.654,0.34,0.9482422636214826,0.9368502117828263,0.9425118152940264,12165,664,820,149960,12829,12985,0.011392051838656214,-0.0005470443483648335
0.638,0.335,0.9476101510197726,0.937466307277628,0.9425109364716813,12173,673,812,149951,12846,12985,0.01014384374214461,-0.0005479231707099519
0.644,0.31,0.9476101510197726,0.937466307277628,0.9425109364716813,12173,673,812,149951,12846,12985,0.01014384374214461,-0.0005479231707099519
0.644,0.315,0.9476101510197726,0.937466307277628,0.9425109364716813,12173,673,812,149951,12846,12985,0.01014384374214461,-0.0005479231707099519
0.644,0.32,0.9476101510197726,0.937466307277628,0.9425109364716813,12173,673,812,149951,12846,12985,0.01014384374214461,-0.0005479231707099519
0.654,0.285,0.9476101510197726,0.937466307277628,0.9425109364716813,12173,673,812,149951,12846,12985,0.01014384374214461,-0.0005479231707099519
0.654,0.29,0.9476101510197726,0.937466307277628,0.9425109364716813,12173,673,812,149951,12846,12985,0.01014384374214461,-0.0005479231707099519
0.548,0.34,0.9431634148222411,0.9418559876780901,0.9425092478421702,12230,737,755,149887,12967,12985,0.0013074271441509966,-0.0005496118002210615
0.63,0.26,0.9463509316770187,0.9386984982672314,0.9425091822926736,12189,691,796,149933,12880,12985,0.007652433409787274,-0.0005496773497176699
0.63,0.265,0.9463509316770187,0.9386984982672314,0.9425091822926736,12189,691,796,149933,12880,12985,0.007652433409787274,-0.0005496773497176699
0.528,0.36,0.9425446703635243,0.9424720831728918,0.9425083753706341,12238,746,747,149878,12984,12985,7.258719063252261e-05,-0.000550484271757079
0.532,0.35,0.9425446703635243,0.9424720831728918,0.9425083753706341,12238,746,747,149878,12984,12985,7.258719063252261e-05,-0.000550484271757079
0.544,0.305,0.9425446703635243,0.9424720831728918,0.9425083753706341,12238,746,747,149878,12984,12985,7.258719063252261e-05,-0.000550484271757079
0.546,0.295,0.9425446703635243,0.9424720831728918,0.9425083753706341,12238,746,747,149878,12984,12985,7.258719063252261e-05,-0.000550484271757079
0.548,0.285,0.9425446703635243,0.9424720831728918,0.9425083753706341,12238,746,747,149878,12984,12985,7.258719063252261e-05,-0.000550484271757079
0.548,0.29,0.9425446703635243,0.9424720831728918,0.9425083753706341,12238,746,747,149878,12984,12985,7.258719063252261e-05,-0.000550484271757079
0.604,0.335,0.9457238117391642,0.9393145937620331,0.9425083069314582,12197,700,788,149924,12897,12985,0.006409217977131121,-0.0005505527109330721
0.612,0.31,0.9457238117391642,0.9393145937620331,0.9425083069314582,12197,700,788,149924,12897,12985,0.006409217977131121,-0.0005505527109330721
0.612,0.315,0.9457238117391642,0.9393145937620331,0.9425083069314582,12197,700,788,149924,12897,12985,0.006409217977131121,-0.0005505527109330721
0.612,0.32,0.9457238117391642,0.9393145937620331,0.9425083069314582,12197,700,788,149924,12897,12985,0.006409217977131121,-0.0005505527109330721
0.62,0.26,0.9457238117391642,0.9393145937620331,0.9425083069314582,12197,700,788,149924,12897,12985,0.006409217977131121,-0.0005505527109330721
0.62,0.265,0.9457238117391642,0.9393145937620331,0.9425083069314582,12197,700,788,149924,12897,12985,0.006409217977131121,-0.0005505527109330721
0.526,0.325,0.9419275440350742,0.9430881786676935,0.9425075040406373,12246,755,739,149869,13001,12985,0.001160634632619284,-0.0005513556017539001
0.634,0.365,0.9476798505138586,0.9373892953407779,0.9425064849587673,12172,672,813,149952,12844,12985,0.010290555173080751,-0.0005523746836239019
0.64,0.335,0.9476798505138586,0.9373892953407779,0.9425064849587673,12172,672,813,149952,12844,12985,0.010290555173080751,-0.0005523746836239019
0.654,0.295,0.9476798505138586,0.9373892953407779,0.9425064849587673,12172,672,813,149952,12844,12985,0.010290555173080751,-0.0005523746836239019
0.658,0.26,0.9476798505138586,0.9373892953407779,0.9425064849587673,12172,672,813,149952,12844,12985,0.010290555173080751,-0.0005523746836239019
0.658,0.265,0.9476798505138586,0.9373892953407779,0.9425064849587673,12172,672,813,149952,12844,12985,0.010290555173080751,-0.0005523746836239019
0.546,0.355,0.9432317778634786,0.9417789757412399,0.942504816955684,12229,736,756,149888,12965,12985,0.001452802122238639,-0.0005540426867072235
0.55,0.34,0.9432317778634786,0.9417789757412399,0.942504816955684,12229,736,756,149888,12965,12985,0.001452802122238639,-0.0005540426867072235
0.614,0.36,0.946420251591862,0.9386214863303812,0.9425047364961529,12188,690,797,149934,12878,12985,0.007798765261480822,-0.0005541231462383722
0.622,0.33,0.946420251591862,0.9386214863303812,0.9425047364961529,12188,690,797,149934,12878,12985,0.007798765261480822,-0.0005541231462383722
0.632,0.27,0.946420251591862,0.9386214863303812,0.9425047364961529,12188,690,797,149934,12878,12985,0.007798765261480822,-0.0005541231462383722
0.542,0.33,0.942612848559544,0.9423950712360416,0.9425039473177494,12237,745,748,149879,12982,12985,0.00021777732350236612,-0.0005549123246417764
0.544,0.31,0.942612848559544,0.9423950712360416,0.9425039473177494,12237,745,748,149879,12982,12985,0.00021777732350236612,-0.0005549123246417764
0.544,0.315,0.942612848559544,0.9423950712360416,0.9425039473177494,12237,745,748,149879,12982,12985,0.00021777732350236612,-0.0005549123246417764
0.544,0.32,0.942612848559544,0.9423950712360416,0.9425039473177494,12237,745,748,149879,12982,12985,0.00021777732350236612,-0.0005549123246417764
0.548,0.295,0.942612848559544,0.9423950712360416,0.9425039473177494,12237,745,748,149879,12982,12985,0.00021777732350236612,-0.0005549123246417764
0.55,0.285,0.942612848559544,0.9423950712360416,0.9425039473177494,12237,745,748,149879,12982,12985,0.00021777732350236612,-0.0005549123246417764
0.55,0.29,0.942612848559544,0.9423950712360416,0.9425039473177494,12237,745,748,149879,12982,12985,0.00021777732350236612,-0.0005549123246417764
0.654,0.355,0.9483820662768031,0.9366961879091259,0.9425029058504456,12163,662,822,149962,12825,12985,0.011685878367677205,-0.0005559537919456181
0.656,0.34,0.9483820662768031,0.9366961879091259,0.9425029058504456,12163,662,822,149962,12825,12985,0.011685878367677205,-0.0005559537919456181
0.636,0.365,0.9477495717178009,0.9373122834039276,0.9425020327564178,12171,671,814,149953,12842,12985,0.01043728831387336,-0.0005568268859734715
0.638,0.35,0.9477495717178009,0.9373122834039276,0.9425020327564178,12171,671,814,149953,12842,12985,0.01043728831387336,-0.0005568268859734715
0.644,0.33,0.9477495717178009,0.9373122834039276,0.9425020327564178,12171,671,814,149953,12842,12985,0.01043728831387336,-0.0005568268859734715
0.648,0.325,0.9477495717178009,0.9373122834039276,0.9425020327564178,12171,671,814,149953,12842,12985,0.01043728831387336,-0.0005568268859734715
0.65,0.325,0.9477495717178009,0.9373122834039276,0.9425020327564178,12171,671,814,149953,12842,12985,0.01043728831387336,-0.0005568268859734715
0.656,0.285,0.9477495717178009,0.9373122834039276,0.9425020327564178,12171,671,814,149953,12842,12985,0.01043728831387336,-0.0005568268859734715
0.656,0.29,0.9477495717178009,0.9373122834039276,0.9425020327564178,12171,671,814,149953,12842,12985,0.01043728831387336,-0.0005568268859734715
0.66,0.27,0.9477495717178009,0.9373122834039276,0.9425020327564178,12171,671,814,149953,12842,12985,0.01043728831387336,-0.0005568268859734715
0.548,0.355,0.9433001619995371,0.9417019638043896,0.9425003853861568,12228,735,757,149889,12963,12985,0.0015981981951475044,-0.0005584742562344536
0.632,0.275,0.9464895930413172,0.938544474393531,0.9425002900119872,12187,689,798,149935,12876,12985,0.007945118647786242,-0.0005585696304040155
0.632,0.28,0.9464895930413172,0.938544474393531,0.9425002900119872,12187,689,798,149935,12876,12985,0.007945118647786242,-0.0005585696304040155
0.546,0.305,0.9426810477657935,0.9423180592991913,0.9424995185827074,12236,744,749,149880,12980,12985,0.00036298846660220985,-0.0005593410596838044
0.55,0.295,0.9426810477657935,0.9423180592991913,0.9424995185827074,12236,744,749,149880,12980,12985,0.00036298846660220985,-0.0005593410596838044
0.604,0.35,0.9458620957108509,0.9391605698883327,0.9424994203570601,12195,698,790,149926,12893,12985,0.006701525822518151,-0.000559439285331087
0.612,0.33,0.9458620957108509,0.9391605698883327,0.9424994203570601,12195,698,790,149926,12893,12985,0.006701525822518151,-0.000559439285331087
0.53,0.325,0.9420635531276449,0.9429341547939931,0.9424986529135556,12244,753,741,149871,12997,12985,0.0008706016663482252,-0.0005602067288356105
0.634,0.375,0.9478193146417445,0.9372352714670774,0.9424975798644725,12170,670,815,149954,12840,12985,0.010584043174667102,-0.000561279777918755
0.64,0.35,0.9478193146417445,0.9372352714670774,0.9424975798644725,12170,670,815,149954,12840,12985,0.010584043174667102,-0.000561279777918755
0.654,0.305,0.9478193146417445,0.9372352714670774,0.9424975798644725,12170,670,815,149954,12840,12985,0.010584043174667102,-0.000561279777918755
0.656,0.295,0.9478193146417445,0.9372352714670774,0.9424975798644725,12170,670,815,149954,12840,12985,0.010584043174667102,-0.000561279777918755
0.66,0.275,0.9478193146417445,0.9372352714670774,0.9424975798644725,12170,670,815,149954,12840,12985,0.010584043174667102,-0.000561279777918755
0.66,0.28,0.9478193146417445,0.9372352714670774,0.9424975798644725,12170,670,815,149954,12840,12985,0.010584043174667102,-0.000561279777918755
0.662,0.27,0.9478193146417445,0.9372352714670774,0.9424975798644725,12170,670,815,149954,12840,12985,0.010584043174667102,-0.000561279777918755
0.626,0.36,0.9471883020922455,0.9378513669618791,0.9424967107808994,12178,679,807,149945,12857,12985,0.009336935130366375,-0.0005621488614918624
0.63,0.34,0.9471883020922455,0.9378513669618791,0.9424967107808994,12178,679,807,149945,12857,12985,0.009336935130366375,-0.0005621488614918624
0.55,0.355,0.943368567240182,0.9416249518675395,0.942495953133431,12227,734,758,149890,12961,12985,0.0017436153726425596,-0.0005629065089601815
0.616,0.365,0.9465589560354202,0.9384674624566808,0.9424958428400171,12186,688,799,149936,12874,12985,0.008091493578739395,-0.0005630168023741389
0.62,0.34,0.9465589560354202,0.9384674624566808,0.9424958428400171,12186,688,799,149936,12874,12985,0.008091493578739395,-0.0005630168023741389
0.622,0.335,0.9465589560354202,0.9384674624566808,0.9424958428400171,12186,688,799,149936,12874,12985,0.008091493578739395,-0.0005630168023741389
0.63,0.285,0.9465589560354202,0.9384674624566808,0.9424958428400171,12186,688,799,149936,12874,12985,0.008091493578739395,-0.0005630168023741389
0.63,0.29,0.9465589560354202,0.9384674624566808,0.9424958428400171,12186,688,799,149936,12874,12985,0.008091493578739395,-0.0005630168023741389
0.534,0.365,0.9427492679919864,0.9422410473623412,0.9424950891653506,12235,743,750,149881,12978,12985,0.000508220629645284,-0.0005637704770405927
0.542,0.335,0.9427492679919864,0.9422410473623412,0.9424950891653506,12235,743,750,149881,12978,12985,0.000508220629645284,-0.0005637704770405927
0.544,0.33,0.9427492679919864,0.9422410473623412,0.9424950891653506,12235,743,750,149881,12978,12985,0.000508220629645284,-0.0005637704770405927
0.546,0.31,0.9427492679919864,0.9422410473623412,0.9424950891653506,12235,743,750,149881,12978,12985,0.000508220629645284,-0.0005637704770405927
0.546,0.315,0.9427492679919864,0.9422410473623412,0.9424950891653506,12235,743,750,149881,12978,12985,0.000508220629645284,-0.0005637704770405927
0.546,0.32,0.9427492679919864,0.9422410473623412,0.9424950891653506,12235,743,750,149881,12978,12985,0.000508220629645284,-0.0005637704770405927
0.548,0.305,0.9427492679919864,0.9422410473623412,0.9424950891653506,12235,743,750,149881,12978,12985,0.000508220629645284,-0.0005637704770405927
0.62,0.285,0.9459312698782096,0.9390835579514825,0.9424949760395733,12194,697,791,149927,12891,12985,0.0068477119267271735,-0.000563883602817894
0.62,0.29,0.9459312698782096,0.9390835579514825,0.9424949760395733,12194,697,791,149927,12891,12985,0.0068477119267271735,-0.000563883602817894
0.532,0.325,0.9421315890727203,0.9428571428571428,0.9424942263279446,12243,752,742,149872,12995,12985,0.0007255537844225168,-0.000564633314446672
0.656,0.355,0.9485219561656657,0.9365421640354255,0.9424939936448887,12161,660,824,149964,12821,12985,0.011979792130240252,-0.000564865997502495
0.658,0.34,0.9485219561656657,0.9365421640354255,0.9424939936448887,12161,660,824,149964,12821,12985,0.011979792130240252,-0.000564865997502495
0.636,0.375,0.9478890792958404,0.9371582595302271,0.9424931262827712,12169,669,816,149955,12838,12985,0.010730819765613298,-0.0005657333596200687
0.644,0.335,0.9478890792958404,0.9371582595302271,0.9424931262827712,12169,669,816,149955,12838,12985,0.010730819765613298,-0.0005657333596200687
0.654,0.31,0.9478890792958404,0.9371582595302271,0.9424931262827712,12169,669,816,149955,12838,12985,0.010730819765613298,-0.0005657333596200687
0.654,0.315,0.9478890792958404,0.9371582595302271,0.9424931262827712,12169,669,816,149955,12838,12985,0.010730819765613298,-0.0005657333596200687
0.654,0.32,0.9478890792958404,0.9371582595302271,0.9424931262827712,12169,669,816,149955,12838,12985,0.010730819765613298,-0.0005657333596200687
0.658,0.285,0.9478890792958404,0.9371582595302271,0.9424931262827712,12169,669,816,149955,12838,12985,0.010730819765613298,-0.0005657333596200687
0.658,0.29,0.9478890792958404,0.9371582595302271,0.9424931262827712,12169,669,816,149955,12838,12985,0.010730819765613298,-0.0005657333596200687
0.662,0.275,0.9478890792958404,0.9371582595302271,0.9424931262827712,12169,669,816,149955,12838,12985,0.010730819765613298,-0.0005657333596200687
0.662,0.28,0.9478890792958404,0.9371582595302271,0.9424931262827712,12169,669,816,149955,12838,12985,0.010730819765613298,-0.0005657333596200687
0.632,0.345,0.9472578763127187,0.9377743550250289,0.9424922600619194,12177,678,808,149946,12855,12985,0.009483521287689811,-0.0005665995804717827
0.63,0.295,0.9466283405842137,0.9383904505198306,0.9424913949800828,12185,687,800,149937,12872,12985,0.008237890064383135,-0.0005674646623083923
0.548,0.31,0.9428175092478421,0.942164035425491,0.9424906590655214,12234,742,751,149882,12976,12985,0.0006534738223511471,-0.0005682005768697929
0.548,0.315,0.9428175092478421,0.942164035425491,0.9424906590655214,12234,742,751,149882,12976,12985,0.0006534738223511471,-0.0005682005768697929
0.548,0.32,0.9428175092478421,0.942164035425491,0.9424906590655214,12234,742,751,149882,12976,12985,0.0006534738223511471,-0.0005682005768697929
0.55,0.305,0.9428175092478421,0.942164035425491,0.9424906590655214,12234,742,751,149882,12976,12985,0.0006534738223511471,-0.0005682005768697929
0.606,0.36,0.9460004655132284,0.9390065460146323,0.9424905310350158,12193,696,792,149928,12889,12985,0.006993919498596068,-0.0005683286073754346
0.608,0.36,0.9460004655132284,0.9390065460146323,0.9424905310350158,12193,696,792,149928,12889,12985,0.006993919498596068,-0.0005683286073754346
0.612,0.335,0.9460004655132284,0.9390065460146323,0.9424905310350158,12193,696,792,149928,12889,12985,0.006993919498596068,-0.0005683286073754346
0.62,0.295,0.9460004655132284,0.9390065460146323,0.9424905310350158,12193,696,792,149928,12889,12985,0.006993919498596068,-0.0005683286073754346
0.66,0.345,0.9485919338481941,0.9364651520985753,0.942489536505968,12160,659,825,149965,12819,12985,0.012126781749618787,-0.0005693231364232165
0.6,0.27,0.9447496711289948,0.9402387370042357,0.9424888065462406,12209,714,776,149910,12923,12985,0.004510934124759114,-0.0005700530961506578
0.656,0.305,0.9479588656902462,0.937081247593377,0.9424886720111537,12168,668,817,149956,12836,12985,0.010877618096869268,-0.0005701876312375065
0.658,0.295,0.9479588656902462,0.937081247593377,0.9424886720111537,12168,668,817,149956,12836,12985,0.010877618096869268,-0.0005701876312375065
0.628,0.365,0.947327472185482,0.9376973430881786,0.9424878086539206,12176,677,809,149947,12853,12985,0.00963012909730332,-0.000571050988470656
0.63,0.355,0.947327472185482,0.9376973430881786,0.9424878086539206,12176,677,809,149947,12853,12985,0.00963012909730332,-0.000571050988470656
0.638,0.325,0.947327472185482,0.9376973430881786,0.9424878086539206,12176,677,809,149947,12853,12985,0.00963012909730332,-0.000571050988470656
0.652,0.27,0.947327472185482,0.9376973430881786,0.9424878086539206,12176,677,809,149947,12853,12985,0.00963012909730332,-0.000571050988470656
0.616,0.375,0.9466977466977466,0.9383134385829803,0.9424869464320247,12184,686,801,149938,12870,12985,0.008384308114766315,-0.000571913210366537
0.62,0.355,0.9466977466977466,0.9383134385829803,0.9424869464320247,12184,686,801,149938,12870,12985,0.008384308114766315,-0.000571913210366537
0.622,0.35,0.9466977466977466,0.9383134385829803,0.9424869464320247,12184,686,801,149938,12870,12985,0.008384308114766315,-0.000571913210366537
0.534,0.375,0.9428857715430862,0.9420870234886407,0.9424862282830616,12233,741,752,149883,12974,12985,0.0007987480544454639,-0.0005726313593296117
0.542,0.35,0.9428857715430862,0.9420870234886407,0.9424862282830616,12233,741,752,149883,12974,12985,0.0007987480544454639,-0.0005726313593296117
0.544,0.335,0.9428857715430862,0.9420870234886407,0.9424862282830616,12233,741,752,149883,12974,12985,0.0007987480544454639,-0.0005726313593296117
0.546,0.33,0.9428857715430862,0.9420870234886407,0.9424862282830616,12233,741,752,149883,12974,12985,0.0007987480544454639,-0.0005726313593296117
0.55,0.31,0.9428857715430862,0.9420870234886407,0.9424862282830616,12233,741,752,149883,12974,12985,0.0007987480544454639,-0.0005726313593296117
0.55,0.315,0.9428857715430862,0.9420870234886407,0.9424862282830616,12233,741,752,149883,12974,12985,0.0007987480544454639,-0.0005726313593296117
0.55,0.32,0.9428857715430862,0.9420870234886407,0.9424862282830616,12233,741,752,149883,12974,12985,0.0007987480544454639,-0.0005726313593296117
0.522,0.36,0.9422677238087906,0.9427031189834424,0.9424853711117955,12241,750,744,149874,12991,12985,0.0004353951746517426,-0.0005734885305956894
0.604,0.325,0.9454432734035958,0.9395456295725837,0.9424852253852987,12200,704,785,149920,12904,12985,0.0058976438310121004,-0.000573634257092559
0.658,0.355,0.9486619333697434,0.9363881401617251,0.9424850786760716,12159,658,826,149966,12817,12985,0.012273793208018247,-0.0005737809663196591
0.662,0.345,0.9486619333697434,0.9363881401617251,0.9424850786760716,12159,658,826,149966,12817,12985,0.012273793208018247,-0.0005737809663196591
0.6,0.275,0.9448185124990326,0.9401617250673855,0.9424843665560101,12208,713,777,149911,12921,12985,0.0046567874316471025,-0.0005744930863811337
0.6,0.28,0.9448185124990326,0.9401617250673855,0.9424843665560101,12208,713,777,149911,12921,12985,0.0046567874316471025,-0.0005744930863811337
0.602,0.27,0.9448185124990326,0.9401617250673855,0.9424843665560101,12208,713,777,149911,12921,12985,0.0046567874316471025,-0.0005744930863811337
0.642,0.36,0.9480286738351255,0.9370042356565268,0.9424842170494597,12167,667,818,149957,12834,12985,0.011024438178598661,-0.0005746425929314958
0.644,0.35,0.9480286738351255,0.9370042356565268,0.9424842170494597,12167,667,818,149957,12834,12985,0.011024438178598661,-0.0005746425929314958
0.654,0.33,0.9480286738351255,0.9370042356565268,0.9424842170494597,12167,667,818,149957,12834,12985,0.011024438178598661,-0.0005746425929314958
0.656,0.31,0.9480286738351255,0.9370042356565268,0.9424842170494597,12167,667,818,149957,12834,12985,0.011024438178598661,-0.0005746425929314958
0.656,0.315,0.9480286738351255,0.9370042356565268,0.9424842170494597,12167,667,818,149957,12834,12985,0.011024438178598661,-0.0005746425929314958
0.656,0.32,0.9480286738351255,0.9370042356565268,0.9424842170494597,12167,667,818,149957,12834,12985,0.011024438178598661,-0.0005746425929314958
0.52,0.27,0.9410364683301343,0.9439353099730459,0.9424836601307189,12257,768,728,149856,13025,12985,0.0028988416429115427,-0.0005751995116722863
0.64,0.325,0.9473970897206443,0.9376203311513285,0.9424833565567425,12175,676,810,149948,12851,12985,0.009776758569315813,-0.0005755030856486876
0.652,0.275,0.9473970897206443,0.9376203311513285,0.9424833565567425,12175,676,810,149948,12851,12985,0.009776758569315813,-0.0005755030856486876
0.652,0.28,0.9473970897206443,0.9376203311513285,0.9424833565567425,12175,676,810,149948,12851,12985,0.009776758569315813,-0.0005755030856486876
0.618,0.37,0.9467671743860739,0.9382364266461302,0.9424824971956832,12183,685,802,149939,12868,12985,0.008530747739943778,-0.0005763624467080009
0.63,0.305,0.9467671743860739,0.9382364266461302,0.9424824971956832,12183,685,802,149939,12868,12985,0.008530747739943778,-0.0005763624467080009
0.632,0.3,0.9467671743860739,0.9382364266461302,0.9424824971956832,12183,685,802,149939,12868,12985,0.008530747739943778,-0.0005763624467080009
0.54,0.36,0.9429540548874499,0.9420100115517905,0.9424817968178141,12232,740,753,149884,12972,12985,0.0009440433356593392,-0.0005770628245771459
0.548,0.33,0.9429540548874499,0.9420100115517905,0.9424817968178141,12232,740,753,149884,12972,12985,0.0009440433356593392,-0.0005770628245771459
0.61,0.36,0.946138921226232,0.9388525221409318,0.942481638964051,12191,694,794,149930,12885,12985,0.007286399085300155,-0.0005772206783402067
0.612,0.35,0.946138921226232,0.9388525221409318,0.942481638964051,12191,694,794,149930,12885,12985,0.007286399085300155,-0.0005772206783402067
0.62,0.305,0.946138921226232,0.9388525221409318,0.942481638964051,12191,694,794,149930,12885,12985,0.007286399085300155,-0.0005772206783402067
0.524,0.36,0.9423358226191393,0.9426261070465922,0.9424809424809424,12240,749,745,149875,12989,12985,0.0002902844274529359,-0.0005779171614488376
0.602,0.275,0.9448873751838378,0.9400847131305352,0.942479925880173,12207,712,778,149912,12919,12985,0.004802662053302598,-0.0005789337622181812
0.602,0.28,0.9448873751838378,0.9400847131305352,0.942479925880173,12207,712,778,149912,12919,12985,0.004802662053302598,-0.0005789337622181812
0.658,0.305,0.9480985037406484,0.9369272237196765,0.9424797613975286,12166,666,819,149958,12832,12985,0.011171280020971897,-0.0005790982448625748
0.66,0.3,0.9480985037406484,0.9369272237196765,0.9424797613975286,12166,666,819,149958,12832,12985,0.011171280020971897,-0.0005790982448625748
0.52,0.275,0.9411042002610766,0.9438582980361956,0.9424792371577976,12256,767,729,149857,13023,12985,0.0027540977751190354,-0.0005796224845936448
0.52,0.28,0.9411042002610766,0.9438582980361956,0.9424792371577976,12256,767,729,149857,13023,12985,0.0027540977751190354,-0.0005796224845936448
0.628,0.375,0.9474667289283213,0.9375433192144782,0.9424789037702253,12174,675,811,149949,12849,12985,0.00992340971384309,-0.0005799558721659714
0.618,0.38,0.9468366236592569,0.93815941470928,0.9424780472708987,12182,684,803,149940,12866,12985,0.008677208949976922,-0.0005808123714925451
0.63,0.31,0.9468366236592569,0.93815941470928,0.9424780472708987,12182,684,803,149940,12866,12985,0.008677208949976922,-0.0005808123714925451
0.63,0.315,0.9468366236592569,0.93815941470928,0.9424780472708987,12182,684,803,149940,12866,12985,0.008677208949976922,-0.0005808123714925451
0.63,0.32,0.9468366236592569,0.93815941470928,0.9424780472708987,12182,684,803,149940,12866,12985,0.008677208949976922,-0.0005808123714925451
0.544,0.35,0.9430223592906708,0.9419329996149404,0.9424773646696205,12231,739,754,149885,12970,12985,0.001089359675730428,-0.000581494972770713
0.546,0.335,0.9430223592906708,0.9419329996149404,0.9424773646696205,12231,739,754,149885,12970,12985,0.001089359675730428,-0.000581494972770713
0.55,0.33,0.9430223592906708,0.9419329996149404,0.9424773646696205,12231,739,754,149885,12970,12985,0.001089359675730428,-0.000581494972770713
0.62,0.31,0.9462081813242257,0.9387755102040817,0.9424771918973249,12190,693,795,149931,12883,12985,0.007432671120144008,-0.0005816677450662944
0.62,0.315,0.9462081813242257,0.9387755102040817,0.9424771918973249,12190,693,795,149931,12883,12985,0.007432671120144008,-0.0005816677450662944
0.62,0.32,0.9462081813242257,0.9387755102040817,0.9424771918973249,12190,693,795,149931,12883,12985,0.007432671120144008,-0.0005816677450662944
0.526,0.36,0.9424039424039424,0.942549095109742,0.9424765131680272,12239,748,746,149876,12987,12985,0.0001451527057996227,-0.0005823464743640594
0.6,0.345,0.9455813953488372,0.9393916056988834,0.9424763376472861,12198,702,787,149922,12900,12985,0.00618978964995387,-0.0005825219951051119
0.652,0.345,0.9481683554169914,0.9368502117828263,0.9424753050552004,12165,665,820,149959,12830,12985,0.011318143634165057,-0.0005835545871908376
0.654,0.335,0.9481683554169914,0.9368502117828263,0.9424753050552004,12165,665,820,149959,12830,12985,0.011318143634165057,-0.0005835545871908376
0.656,0.33,0.9481683554169914,0.9368502117828263,0.9424753050552004,12165,665,820,149959,12830,12985,0.011318143634165057,-0.0005835545871908376
0.658,0.31,0.9481683554169914,0.9368502117828263,0.9424753050552004,12165,665,820,149959,12830,12985,0.011318143634165057,-0.0005835545871908376
0.658,0.315,0.9481683554169914,0.9368502117828263,0.9424753050552004,12165,665,820,149959,12830,12985,0.011318143634165057,-0.0005835545871908376
0.658,0.32,0.9481683554169914,0.9368502117828263,0.9424753050552004,12165,665,820,149959,12830,12985,0.011318143634165057,-0.0005835545871908376
0.662,0.3,0.9481683554169914,0.9368502117828263,0.9424753050552004,12165,665,820,149959,12830,12985,0.011318143634165057,-0.0005835545871908376
0.624,0.365,0.9469060945273632,0.9380824027724297,0.942473596657511,12181,683,804,149941,12864,12985,0.008823691754933471,-0.0005852629848802637
0.548,0.335,0.9430906847624922,0.9418559876780901,0.9424729318383231,12230,738,755,149886,12968,12985,0.0012346970844021588,-0.000585927804068076
0.622,0.325,0.9462774629298968,0.9386984982672314,0.9424727441428903,12189,692,796,149932,12881,12985,0.007578964662665388,-0.0005861154995009388
0.542,0.325,0.9424720831728918,0.9424720831728918,0.9424720831728919,12238,747,747,149877,12985,12985,0.0,-0.0005867764694993394
0.552,0.27,0.9424720831728918,0.9424720831728918,0.9424720831728919,12238,747,747,149877,12985,12985,0.0,-0.0005867764694993394
0.602,0.345,0.9456504884478214,0.9393145937620331,0.9424718927481359,12197,701,788,149923,12898,12985,0.006335894685788324,-0.000586966894255303
0.52,0.345,0.9418550992155053,0.9430881786676935,0.9424712356178089,12246,756,739,149868,13002,12985,0.0012330794521882016,-0.000587624024582345
0.646,0.365,0.9482382288743374,0.9367731998459762,0.9424708480223145,12164,664,821,149960,12828,12985,0.011465029028361218,-0.0005880116200767116
0.648,0.36,0.9482382288743374,0.9367731998459762,0.9424708480223145,12164,664,821,149960,12828,12985,0.011465029028361218,-0.0005880116200767116
0.65,0.36,0.9482382288743374,0.9367731998459762,0.9424708480223145,12164,664,821,149960,12828,12985,0.011465029028361218,-0.0005880116200767116
0.644,0.325,0.9476060724017127,0.9373892953407779,0.9424699961285327,12172,673,813,149951,12845,12985,0.010216777060934823,-0.0005888635138585618
0.63,0.33,0.9469755870004665,0.9380053908355795,0.9424691453553604,12180,682,805,149942,12862,12985,0.008970196164886923,-0.000589714287030807
0.546,0.35,0.9431590313126639,0.9417789757412399,0.9424684983237641,12229,737,756,149887,12966,12985,0.0013800555714239549,-0.0005903613186271084
0.55,0.335,0.9431590313126639,0.9417789757412399,0.9424684983237641,12229,737,756,149887,12966,12985,0.0013800555714239549,-0.0005903613186271084
0.62,0.33,0.946346766053265,0.9386214863303812,0.9424682957005878,12188,691,797,149933,12879,12985,0.007725279722883727,-0.000590563941803457
0.632,0.26,0.946346766053265,0.9386214863303812,0.9424682957005878,12188,691,797,149933,12879,12985,0.007725279722883727,-0.000590563941803457
0.632,0.265,0.946346766053265,0.9386214863303812,0.9424682957005878,12188,691,797,149933,12879,12985,0.007725279722883727,-0.000590563941803457
0.528,0.365,0.9425402449356851,0.9423950712360416,0.942467652495379,12237,746,748,149878,12983,12985,0.00014517369964350824,-0.0005912071470122182
0.53,0.36,0.9425402449356851,0.9423950712360416,0.942467652495379,12237,746,748,149878,12983,12985,0.00014517369964350824,-0.0005912071470122182
0.552,0.275,0.9425402449356851,0.9423950712360416,0.942467652495379,12237,746,748,149878,12983,12985,0.00014517369964350824,-0.0005912071470122182
0.552,0.28,0.9425402449356851,0.9423950712360416,0.942467652495379,12237,746,748,149878,12983,12985,0.00014517369964350824,-0.0005912071470122182
0.612,0.325,0.9457196029776674,0.9392375818251829,0.9424674471620107,12196,700,789,149924,12896,12985,0.0064820211524845295,-0.0005914124803805265
0.6,0.3,0.9450940912258964,0.9398536773199846,0.9424665997374314,12204,709,781,149915,12913,12985,0.005240413905911789,-0.0005922599049598132
0.654,0.35,0.9483081241228755,0.9366961879091259,0.9424663902987098,12163,663,822,149961,12826,12985,0.011611936213749563,-0.000592469343681401
0.656,0.335,0.9483081241228755,0.9366961879091259,0.9424663902987098,12163,663,822,149961,12826,12985,0.011611936213749563,-0.000592469343681401
0.658,0.33,0.9483081241228755,0.9366961879091259,0.9424663902987098,12163,663,822,149961,12826,12985,0.011611936213749563,-0.000592469343681401
0.652,0.3,0.9476757766876898,0.9373122834039276,0.9424655412730369,12171,672,814,149952,12843,12985,0.010363493283762182,-0.0005933183693542787
0.66,0.26,0.9476757766876898,0.9373122834039276,0.9424655412730369,12171,672,814,149952,12843,12985,0.010363493283762182,-0.0005933183693542787
0.66,0.265,0.9476757766876898,0.9373122834039276,0.9424655412730369,12171,672,814,149952,12843,12985,0.010363493283762182,-0.0005933183693542787
0.624,0.375,0.9470451010886469,0.9379283788987293,0.9424646933642872,12179,681,806,149943,12860,12985,0.009116722189917659,-0.0005941662781040469
0.548,0.35,0.9432273989509411,0.9417019638043896,0.9424640641257852,12228,736,757,149888,12964,12985,0.001525435146551457,-0.000594795516606017
0.614,0.365,0.9464160907043566,0.938544474393531,0.9424638465702575,12187,690,798,149934,12877,12985,0.007871616310825669,-0.000595013072133721
0.532,0.36,0.942608427702026,0.9423180592991913,0.9424632211353308,12236,745,749,149879,12981,12985,0.00029036840283469534,-0.0005956385070604586
0.544,0.325,0.942608427702026,0.9423180592991913,0.9424632211353308,12236,745,749,149879,12981,12985,0.00029036840283469534,-0.0005956385070604586
0.602,0.3,0.9451630392688405,0.9397766653831344,0.942462156317578,12203,708,782,149916,12911,12985,0.005386373885706064,-0.0005967033248132081
0.646,0.375,0.948378041172801,0.9366191759722757,0.9424619318842264,12162,662,823,149962,12824,12985,0.01175886520052527,-0.0005969277581647781
0.52,0.3,0.9413753361505954,0.9435502502887948,0.9424615384615384,12252,763,733,149861,13015,12985,0.0021749141381993686,-0.0005973211808528722
0.634,0.37,0.9477455026867067,0.9372352714670774,0.9424610857275615,12170,671,815,149953,12841,12985,0.01051023121962924,-0.0005977739148297356
0.662,0.26,0.9477455026867067,0.9372352714670774,0.9424610857275615,12170,671,815,149953,12841,12985,0.01051023121962924,-0.0005977739148297356
0.662,0.265,0.9477455026867067,0.9372352714670774,0.9424610857275615,12170,671,815,149953,12841,12985,0.01051023121962924,-0.0005977739148297356
0.63,0.335,0.9471146368019909,0.9378513669618791,0.942460240684131,12178,680,807,149944,12858,12985,0.009263269840111832,-0.0005986189582601886
0.55,0.35,0.9432957876870853,0.9416249518675395,0.9424596292442287,12227,735,758,149889,12962,12985,0.0016708358195458572,-0.0005992303981625646
0.552,0.345,0.9432957876870853,0.9416249518675395,0.9424596292442287,12227,735,758,149889,12962,12985,0.0016708358195458572,-0.0005992303981625646
0.62,0.335,0.9464854368932039,0.9384674624566808,0.9424593967517402,12186,689,799,149935,12875,12985,0.008017974436523079,-0.000599462890651048
0.528,0.375,0.9426766314816242,0.9422410473623412,0.9424587890925898,12235,744,750,149880,12979,12985,0.00043558411928301677,-0.0006000705498013792
0.656,0.35,0.9484479800343161,0.9365421640354255,0.9424574727787034,12161,661,824,149963,12822,12985,0.011905815998890623,-0.000601386863687825
0.658,0.335,0.9484479800343161,0.9365421640354255,0.9424574727787034,12161,661,824,149963,12822,12985,0.011905815998890623,-0.000601386863687825
0.634,0.38,0.9478152504089103,0.9371582595302271,0.9424566294919453,12169,670,816,149954,12839,12985,0.010656990878683215,-0.0006022301504459149
0.636,0.37,0.9478152504089103,0.9371582595302271,0.9424566294919453,12169,670,816,149954,12839,12985,0.010656990878683215,-0.0006022301504459149
0.638,0.36,0.9478152504089103,0.9371582595302271,0.9424566294919453,12169,670,816,149954,12839,12985,0.010656990878683215,-0.0006022301504459149
0.626,0.365,0.9471841941505912,0.9377743550250289,0.9424557873147325,12177,679,808,149945,12856,12985,0.009409839125562258,-0.0006030723276587713
0.632,0.34,0.9471841941505912,0.9377743550250289,0.9424557873147325,12177,679,808,149945,12856,12985,0.009409839125562258,-0.0006030723276587713
0.614,0.375,0.9465548046298454,0.9383904505198306,0.9424549462448758,12185,688,800,149936,12873,12985,0.008164354110014815,-0.000603913397515421
0.632,0.285,0.9465548046298454,0.9383904505198306,0.9424549462448758,12185,688,800,149936,12873,12985,0.008164354110014815,-0.000603913397515421
0.632,0.29,0.9465548046298454,0.9383904505198306,0.9424549462448758,12185,688,800,149936,12873,12985,0.008164354110014815,-0.000603913397515421
0.546,0.325,0.9427448562841951,0.942164035425491,0.9424543563669979,12234,743,751,149881,12977,12985,0.0005808208587041452,-0.0006045032753932977
0.604,0.36,0.9459270752521335,0.9390065460146323,0.9424541062801932,12193,697,792,149927,12890,12985,0.006920529237501194,-0.0006047533621980072
0.66,0.34,0.9485179407176287,0.9364651520985753,0.9424530129819801,12160,660,825,149964,12820,12985,0.012052788619053456,-0.0006058466604110802
0.6,0.26,0.944676570721139,0.9402387370042357,0.942452429657648,12209,715,776,149909,12924,12985,0.004437833716903317,-0.0006064299847432508
0.6,0.265,0.944676570721139,0.9402387370042357,0.942452429657648,12209,715,776,149909,12924,12985,0.004437833716903317,-0.0006064299847432508
0.636,0.38,0.9478850198644543,0.937081247593377,0.9424521725660289,12168,669,817,149955,12837,12985,0.010803772271077317,-0.0006066870763623555
0.64,0.36,0.9478850198644543,0.937081247593377,0.9424521725660289,12168,669,817,149955,12837,12985,0.010803772271077317,-0.0006066870763623555
0.654,0.325,0.9478850198644543,0.937081247593377,0.9424521725660289,12168,669,817,149955,12837,12985,0.010803772271077317,-0.0006066870763623555
0.66,0.285,0.9478850198644543,0.937081247593377,0.9424521725660289,12168,669,817,149955,12837,12985,0.010803772271077317,-0.0006066870763623555
0.66,0.29,0.9478850198644543,0.937081247593377,0.9424521725660289,12168,669,817,149955,12837,12985,0.010803772271077317,-0.0006066870763623555
0.63,0.35,0.9472537731445464,0.9376973430881786,0.9424513332559309,12176,678,809,149946,12854,12985,0.009556430056367748,-0.0006075263864603331
0.652,0.26,0.9472537731445464,0.9376973430881786,0.9424513332559309,12176,678,809,149946,12854,12985,0.009556430056367748,-0.0006075263864603331
0.652,0.265,0.9472537731445464,0.9376973430881786,0.9424513332559309,12176,678,809,149946,12854,12985,0.009556430056367748,-0.0006075263864603331
0.616,0.37,0.946624193924326,0.9383134385829803,0.9424504950495048,12184,687,801,149937,12871,12985,0.008310755341345621,-0.000608364592886379
0.62,0.35,0.946624193924326,0.9383134385829803,0.9424504950495048,12184,687,801,149937,12871,12985,0.008310755341345621,-0.000608364592886379
0.632,0.295,0.946624193924326,0.9383134385829803,0.9424504950495048,12184,687,801,149937,12871,12985,0.008310755341345621,-0.000608364592886379
0.534,0.37,0.9428131021194605,0.9420870234886407,0.9424499229583974,12233,742,752,149882,12975,12985,0.0007260786308197487,-0.0006089366839938659
0.548,0.325,0.9428131021194605,0.9420870234886407,0.9424499229583974,12233,742,752,149882,12975,12985,0.0007260786308197487,-0.0006089366839938659
0.552,0.3,0.9428131021194605,0.9420870234886407,0.9424499229583974,12233,742,752,149882,12975,12985,0.0007260786308197487,-0.0006089366839938659
0.606,0.365,0.9459962756052142,0.938929534077782,0.9424496579445754,12192,696,793,149928,12888,12985,0.007066741527432141,-0.0006092016978158643
0.608,0.365,0.9459962756052142,0.938929534077782,0.9424496579445754,12192,696,793,149928,12888,12985,0.007066741527432141,-0.0006092016978158643
0.658,0.35,0.9485879232329537,0.9363881401617251,0.9424485524938961,12159,659,826,149965,12818,12985,0.012199783071228598,-0.0006103071484950817
0.662,0.34,0.9485879232329537,0.9363881401617251,0.9424485524938961,12159,659,826,149965,12818,12985,0.012199783071228598,-0.0006103071484950817
0.602,0.26,0.9447453954496208,0.9401617250673855,0.9424479870305323,12208,714,777,149910,12922,12985,0.004583670382235283,-0.0006108726118588814
0.602,0.265,0.9447453954496208,0.9401617250673855,0.9424479870305323,12208,714,777,149910,12922,12985,0.004583670382235283,-0.0006108726118588814
0.66,0.295,0.9479548110634982,0.9370042356565268,0.9424477149496514,12167,668,818,149956,12835,12985,0.010950575406971419,-0.0006111446927398179
0.662,0.285,0.9479548110634982,0.9370042356565268,0.9424477149496514,12167,668,818,149956,12835,12985,0.010950575406971419,-0.0006111446927398179
0.662,0.29,0.9479548110634982,0.9370042356565268,0.9424477149496514,12167,668,818,149956,12835,12985,0.010950575406971419,-0.0006111446927398179
0.52,0.26,0.9409642253953632,0.9439353099730459,0.9424474260889625,12257,769,728,149855,13026,12985,0.002971084577682692,-0.0006114335534287418
0.52,0.265,0.9409642253953632,0.9439353099730459,0.9424474260889625,12257,769,728,149855,13026,12985,0.002971084577682692,-0.0006114335534287418
0.626,0.375,0.947323373793962,0.9376203311513285,0.9424468785075667,12175,677,810,149947,12852,12985,0.009703042642633553,-0.0006119811348245241
0.632,0.355,0.947323373793962,0.9376203311513285,0.9424468785075667,12175,677,810,149947,12852,12985,0.009703042642633553,-0.0006119811348245241
0.616,0.38,0.9466936047866967,0.9382364266461302,0.9424460431654677,12183,686,802,149938,12869,12985,0.008457178140566568,-0.0006128164769235722
0.534,0.38,0.9428813689971479,0.9420100115517905,0.9424454888666307,12232,741,753,149883,12973,12985,0.0008713574453573791,-0.0006133707757605134
0.55,0.325,0.9428813689971479,0.9420100115517905,0.9424454888666307,12232,741,753,149883,12973,12985,0.0008713574453573791,-0.0006133707757605134
0.522,0.365,0.9422632794457275,0.9426261070465922,0.9424446583253128,12240,750,745,149874,12990,12985,0.00036282760086470134,-0.0006142013170784555
0.66,0.355,0.9486579275905118,0.9363111282248748,0.9424440913142901,12158,658,827,149966,12816,12985,0.012346799365636985,-0.0006147683281011451
0.642,0.365,0.9480246240162082,0.9369272237196765,0.9424432566426525,12166,667,819,149957,12833,12985,0.011097400296531723,-0.0006156029997387291
0.656,0.325,0.9480246240162082,0.9369272237196765,0.9424432566426525,12166,667,819,149957,12833,12985,0.011097400296531723,-0.0006156029997387291
0.662,0.295,0.9480246240162082,0.9369272237196765,0.9424432566426525,12166,667,819,149957,12833,12985,0.011097400296531723,-0.0006156029997387291
0.628,0.37,0.9473929961089494,0.9375433192144782,0.9424424230694795,12174,676,811,149948,12850,12985,0.009849676894471249,-0.0006164365729117716
0.622,0.36,0.9467630372270148,0.93815941470928,0.9424415905926041,12182,685,803,149939,12867,12985,0.008603622517734832,-0.0006172690497870947
0.632,0.305,0.9467630372270148,0.93815941470928,0.9424415905926041,12182,685,803,149939,12867,12985,0.008603622517734832,-0.0006172690497870947
0.54,0.365,0.942949656926991,0.9419329996149404,0.9424410540915397,12231,740,754,149884,12971,12985,0.001016657312050584,-0.0006178055508515579
0.542,0.36,0.942949656926991,0.9419329996149404,0.9424410540915397,12231,740,754,149884,12971,12985,0.001016657312050584,-0.0006178055508515579
0.606,0.375,0.9461347407637379,0.9387755102040817,0.9424407592098651,12190,694,795,149930,12884,12985,0.00735923055965626,-0.0006181004325260808
0.608,0.375,0.9461347407637379,0.9387755102040817,0.9424407592098651,12190,694,795,149930,12884,12985,0.00735923055965626,-0.0006181004325260808
0.61,0.365,0.9461347407637379,0.9387755102040817,0.9424407592098651,12190,694,795,149930,12884,12985,0.00735923055965626,-0.0006181004325260808
0.524,0.365,0.942331382814906,0.942549095109742,0.9424402263889423,12239,749,746,149875,12988,12985,0.0002177122948360255,-0.0006186332534489081
0.6,0.34,0.9455081001472754,0.9393916056988834,0.9424399289191069,12198,703,787,149921,12901,12985,0.006116494448392018,-0.0006189307232843388
0.662,0.355,0.9487279538005307,0.9362341162880247,0.9424396294430017,12157,657,828,149967,12814,12985,0.01249383751250599,-0.0006192301993894755
0.6,0.285,0.9448831088403777,0.940007701193685,0.9424390997181793,12206,712,779,149912,12918,12985,0.004875407646692698,-0.0006197599242119267
0.6,0.29,0.9448831088403777,0.940007701193685,0.9424390997181793,12206,712,779,149912,12918,12985,0.004875407646692698,-0.0006197599242119267
0.644,0.36,0.9480944587327566,0.9368502117828263,0.9424387976448714,12165,666,820,149958,12831,12985,0.011244246949930203,-0.0006200619975198496
0.652,0.34,0.9480944587327566,0.9368502117828263,0.9424387976448714,12165,666,820,149958,12831,12985,0.011244246949930203,-0.0006200619975198496
0.66,0.305,0.9480944587327566,0.9368502117828263,0.9424387976448714,12165,666,820,149958,12831,12985,0.011244246949930203,-0.0006200619975198496
0.628,0.38,0.9474626400996264,0.937466307277628,0.9424379669415089,12173,675,812,149949,12848,12985,0.00999633282199841,-0.0006208927008822807
0.652,0.285,0.9474626400996264,0.937466307277628,0.9424379669415089,12173,675,812,149949,12848,12985,0.00999633282199841,-0.0006208927008822807
0.652,0.29,0.9474626400996264,0.937466307277628,0.9424379669415089,12173,675,812,149949,12848,12985,0.00999633282199841,-0.0006208927008822807
0.63,0.325,0.946832491255344,0.9380824027724297,0.9424371373307543,12181,684,804,149940,12865,12985,0.008750088482914253,-0.0006217223116369297
0.632,0.31,0.946832491255344,0.9380824027724297,0.9424371373307543,12181,684,804,149940,12865,12985,0.008750088482914253,-0.0006217223116369297
0.632,0.315,0.946832491255344,0.9380824027724297,0.9424371373307543,12181,684,804,149940,12865,12985,0.008750088482914253,-0.0006217223116369297
0.632,0.32,0.946832491255344,0.9380824027724297,0.9424371373307543,12181,684,804,149940,12865,12985,0.008750088482914253,-0.0006217223116369297
0.612,0.36,0.9462040055891943,0.9386984982672314,0.9424363088104535,12189,693,796,149931,12882,12985,0.007505507321962868,-0.0006225508319377404
0.62,0.325,0.9462040055891943,0.9386984982672314,0.9424363088104535,12189,693,796,149931,12882,12985,0.007505507321962868,-0.0006225508319377404
0.522,0.375,0.9423995071615586,0.9424720831728918,0.9424357937699742,12238,748,747,149876,12986,12985,7.25760113331475e-05,-0.0006230658724170057
0.526,0.365,0.9423995071615586,0.9424720831728918,0.9424357937699742,12238,748,747,149876,12986,12985,7.25760113331475e-05,-0.0006230658724170057
0.552,0.26,0.9423995071615586,0.9424720831728918,0.9424357937699742,12238,748,747,149876,12986,12985,7.25760113331475e-05,-0.0006230658724170057
0.552,0.265,0.9423995071615586,0.9424720831728918,0.9424357937699742,12238,748,747,149876,12986,12985,7.25760113331475e-05,-0.0006230658724170057
0.602,0.34,0.945577176525312,0.9393145937620331,0.9424354813784577,12197,702,788,149922,12899,12985,0.006262582763278957,-0.0006233782639335494
0.52,0.34,0.9417826655387218,0.9430881786676935,0.9424349699861474,12246,757,739,149867,13003,12985,0.001305513128971647,-0.0006238896562438256
0.6,0.295,0.9449519975224527,0.9399306892568348,0.9424346550326242,12205,711,780,149913,12916,12985,0.005021308265617974,-0.0006242046097669762
0.602,0.285,0.9449519975224527,0.9399306892568348,0.9424346550326242,12205,711,780,149913,12916,12985,0.005021308265617974,-0.0006242046097669762
0.602,0.29,0.9449519975224527,0.9399306892568348,0.9424346550326242,12205,711,780,149913,12916,12985,0.005021308265617974,-0.0006242046097669762
0.642,0.375,0.9481643152233221,0.9367731998459762,0.942434337956148,12164,665,821,149959,12829,12985,0.01139111537734594,-0.0006245216862432734
0.658,0.325,0.9481643152233221,0.9367731998459762,0.942434337956148,12164,665,821,149959,12829,12985,0.01139111537734594,-0.0006245216862432734
0.66,0.31,0.9481643152233221,0.9367731998459762,0.942434337956148,12164,665,821,149959,12829,12985,0.01139111537734594,-0.0006245216862432734
0.66,0.315,0.9481643152233221,0.9367731998459762,0.942434337956148,12164,665,821,149959,12829,12985,0.01139111537734594,-0.0006245216862432734
0.66,0.32,0.9481643152233221,0.9367731998459762,0.942434337956148,12164,665,821,149959,12829,12985,0.01139111537734594,-0.0006245216862432734
0.662,0.305,0.9481643152233221,0.9367731998459762,0.942434337956148,12164,665,821,149959,12829,12985,0.01139111537734594,-0.0006245216862432734
0.52,0.285,0.9411674347158218,0.9437042741624951,0.9424341472793694,12254,766,731,149858,13020,12985,0.002536839446673378,-0.0006247123630218621
0.52,0.29,0.9411674347158218,0.9437042741624951,0.9424341472793694,12254,766,731,149858,13020,12985,0.002536839446673378,-0.0006247123630218621
0.652,0.295,0.9475323057761171,0.9373892953407779,0.9424335101234951,12172,674,813,149950,12846,12985,0.010143010435339272,-0.0006253495188961455
0.54,0.375,0.9430862959821085,0.9417789757412399,0.9424321824907522,12229,738,756,149886,12967,12985,0.001307320240868548,-0.0006266771516389991
0.544,0.36,0.9430862959821085,0.9417789757412399,0.9424321824907522,12229,738,756,149886,12967,12985,0.001307320240868548,-0.0006266771516389991
0.61,0.375,0.9462732919254658,0.9386214863303812,0.9424318577227915,12188,692,797,149932,12880,12985,0.007651805595084604,-0.0006270019195997456
0.524,0.375,0.9424676524953789,0.9423950712360416,0.9424313604682506,12237,747,748,149877,12984,12985,7.258125933728987e-05,-0.0006274991741406222
0.6,0.355,0.9456462743273629,0.9392375818251829,0.9424310331504521,12196,701,789,149923,12897,12985,0.006408692502180013,-0.0006278264919391541
0.602,0.295,0.9450209075422022,0.9398536773199846,0.9424302096606046,12204,710,781,149914,12914,12985,0.005167230222217656,-0.0006286499817865776
0.648,0.365,0.94823419349809,0.9366961879091259,0.9424298775763212,12163,664,822,149960,12827,12985,0.011538005588964118,-0.000628982066069983
0.65,0.365,0.94823419349809,0.9366961879091259,0.9424298775763212,12163,664,822,149960,12827,12985,0.011538005588964118,-0.000628982066069983
0.652,0.355,0.94823419349809,0.9366961879091259,0.9424298775763212,12163,664,822,149960,12827,12985,0.011538005588964118,-0.000628982066069983
0.662,0.31,0.94823419349809,0.9366961879091259,0.9424298775763212,12163,664,822,149960,12827,12985,0.011538005588964118,-0.000628982066069983
0.662,0.315,0.94823419349809,0.9366961879091259,0.9424298775763212,12163,664,822,149960,12827,12985,0.011538005588964118,-0.000628982066069983
0.662,0.32,0.94823419349809,0.9366961879091259,0.9424298775763212,12163,664,822,149960,12827,12985,0.011538005588964118,-0.000628982066069983
0.52,0.295,0.9412352127823014,0.943627262225645,0.9424297196477329,12253,765,732,149859,13018,12985,0.0023920494433435913,-0.000629139994658301
0.624,0.37,0.9469714641163206,0.9379283788987293,0.9424282287394568,12179,682,806,149942,12861,12985,0.00904308521759134,-0.0006306309029344703
0.632,0.33,0.9469714641163206,0.9379283788987293,0.9424282287394568,12179,682,806,149942,12861,12985,0.00904308521759134,-0.0006306309029344703
0.526,0.375,0.9425358188260669,0.9423180592991913,0.9424269264836138,12236,746,749,149878,12982,12985,0.00021775952687552724,-0.0006319331587774091
0.53,0.365,0.9425358188260669,0.9423180592991913,0.9424269264836138,12236,746,749,149878,12982,12985,0.00021775952687552724,-0.0006319331587774091
0.554,0.27,0.9425358188260669,0.9423180592991913,0.9424269264836138,12236,746,749,149878,12982,12985,0.00021775952687552724,-0.0006319331587774091
0.556,0.27,0.9425358188260669,0.9423180592991913,0.9424269264836138,12236,746,749,149878,12982,12985,0.00021775952687552724,-0.0006319331587774091
0.602,0.355,0.9457153935633966,0.9391605698883327,0.9424265842349304,12195,700,790,149924,12895,12985,0.006554823675063881,-0.0006322754074608028
0.52,0.355,0.9419186091237788,0.9429341547939931,0.9424261083743842,12244,755,741,149869,12999,12985,0.001015545670214335,-0.0006327512680069924
0.6,0.305,0.9450898389095415,0.9397766653831344,0.9424257636019617,12203,709,782,149915,12912,12985,0.0053131735264070334,-0.0006330960404294927
0.646,0.37,0.9483040935672514,0.9366191759722757,0.9424254165052304,12162,663,823,149961,12825,12985,0.011684917594975697,-0.0006334431371608495
0.66,0.33,0.9483040935672514,0.9366191759722757,0.9424254165052304,12162,663,823,149961,12825,12985,0.011684917594975697,-0.0006334431371608495
0.652,0.305,0.9476717022270674,0.9372352714670774,0.9424245944166957,12170,672,815,149952,12842,12985,0.010436430759990012,-0.0006342652256955406
0.624,0.38,0.9470409829691266,0.9378513669618791,0.9424237734096889,12178,681,807,149943,12859,12985,0.009189616007247547,-0.0006350862327023643
0.546,0.36,0.9432230193628018,0.9416249518675395,0.9424233081547712,12227,736,758,149888,12963,12985,0.0015980674952623675,-0.0006355514876200674
0.552,0.34,0.9432230193628018,0.9416249518675395,0.9424233081547712,12227,736,758,149888,12963,12985,0.0015980674952623675,-0.0006355514876200674
0.528,0.37,0.9426040061633282,0.9422410473623412,0.942422491815906,12235,745,750,149879,12980,12985,0.00036295880098702327,-0.0006363678264852402
0.532,0.365,0.9426040061633282,0.9422410473623412,0.942422491815906,12235,745,750,149879,12980,12985,0.00036295880098702327,-0.0006363678264852402
0.552,0.285,0.9426040061633282,0.9422410473623412,0.942422491815906,12235,745,750,149879,12980,12985,0.00036295880098702327,-0.0006363678264852402
0.552,0.29,0.9426040061633282,0.9422410473623412,0.942422491815906,12235,745,750,149879,12980,12985,0.00036295880098702327,-0.0006363678264852402
0.554,0.275,0.9426040061633282,0.9422410473623412,0.942422491815906,12235,745,750,149879,12980,12985,0.00036295880098702327,-0.0006363678264852402
0.554,0.28,0.9426040061633282,0.9422410473623412,0.942422491815906,12235,745,750,149879,12980,12985,0.00036295880098702327,-0.0006363678264852402
0.556,0.275,0.9426040061633282,0.9422410473623412,0.942422491815906,12235,745,750,149879,12980,12985,0.00036295880098702327,-0.0006363678264852402
0.556,0.28,0.9426040061633282,0.9422410473623412,0.942422491815906,12235,745,750,149879,12980,12985,0.00036295880098702327,-0.0006363678264852402
0.6,0.31,0.945158791634392,0.9396996534462841,0.942421316856536,12202,708,783,149916,12910,12985,0.005459138188107837,-0.0006375427858552607
0.6,0.315,0.945158791634392,0.9396996534462841,0.942421316856536,12202,708,783,149916,12910,12985,0.005459138188107837,-0.0006375427858552607
0.6,0.32,0.945158791634392,0.9396996534462841,0.942421316856536,12202,708,783,149916,12910,12985,0.005459138188107837,-0.0006375427858552607
0.602,0.305,0.945158791634392,0.9396996534462841,0.942421316856536,12202,708,783,149916,12910,12985,0.005459138188107837,-0.0006375427858552607
0.646,0.38,0.9483740154410044,0.9365421640354255,0.9424209547427155,12161,662,824,149962,12823,12985,0.011831851405578964,-0.0006379048996757453
0.648,0.375,0.9483740154410044,0.9365421640354255,0.9424209547427155,12161,662,824,149962,12823,12985,0.011831851405578964,-0.0006379048996757453
0.65,0.375,0.9483740154410044,0.9365421640354255,0.9424209547427155,12161,662,824,149962,12823,12985,0.011831851405578964,-0.0006379048996757453
0.654,0.36,0.9483740154410044,0.9365421640354255,0.9424209547427155,12161,662,824,149962,12823,12985,0.011831851405578964,-0.0006379048996757453
0.662,0.33,0.9483740154410044,0.9365421640354255,0.9424209547427155,12161,662,824,149962,12823,12985,0.011831851405578964,-0.0006379048996757453
0.52,0.305,0.9413708314123251,0.9434732383519445,0.9424208623408592,12251,763,734,149861,13014,12985,0.0021024069396193834,-0.0006379973015320228
0.598,0.27,0.9445346948247854,0.9403157489410858,0.9424205001543686,12210,717,775,149907,12927,12985,0.004218945883699532,-0.0006383594880225996
0.652,0.31,0.9477414330218068,0.9371582595302271,0.9424201355275895,12169,671,816,149953,12840,12985,0.010583173491579667,-0.0006387241148017031
0.652,0.315,0.9477414330218068,0.9371582595302271,0.9424201355275895,12169,671,816,149953,12840,12985,0.010583173491579667,-0.0006387241148017031
0.652,0.32,0.9477414330218068,0.9371582595302271,0.9424201355275895,12169,671,816,149953,12840,12985,0.010583173491579667,-0.0006387241148017031
0.632,0.335,0.9471105234502606,0.9377743550250289,0.9424193173902949,12177,680,808,149944,12857,12985,0.009336168425231661,-0.0006395422520962812
0.548,0.36,0.9432914126996373,0.9415479399306893,0.9424188699606876,12226,735,759,149889,12961,12985,0.00174347276894804,-0.0006399896817036455
0.614,0.37,0.9464812800994252,0.9383904505198306,0.9424185003287057,12185,689,800,149935,12874,12985,0.008090829579594616,-0.0006403593136855568
0.528,0.38,0.9426722145168747,0.942164035425491,0.9424180564649695,12234,744,751,149880,12978,12985,0.0005081790913836759,-0.0006408031774217671
0.53,0.375,0.9426722145168747,0.942164035425491,0.9424180564649695,12234,744,751,149880,12978,12985,0.0005081790913836759,-0.0006408031774217671
0.552,0.295,0.9426722145168747,0.942164035425491,0.9424180564649695,12234,744,751,149880,12978,12985,0.0005081790913836759,-0.0006408031774217671
0.602,0.31,0.9452277657266811,0.939622641509434,0.9424168694241686,12201,707,784,149917,12908,12985,0.005605124217247126,-0.0006419902182226433
0.602,0.315,0.9452277657266811,0.939622641509434,0.9424168694241686,12201,707,784,149917,12908,12985,0.005605124217247126,-0.0006419902182226433
0.602,0.32,0.9452277657266811,0.939622641509434,0.9424168694241686,12201,707,784,149917,12908,12985,0.005605124217247126,-0.0006419902182226433
0.66,0.335,0.948443959129553,0.9364651520985753,0.942416492288615,12160,661,825,149963,12821,12985,0.011978807030977756,-0.0006423673537762076
0.52,0.31,0.9414386719950815,0.9433962264150944,0.9424164326653076,12250,762,735,149862,13012,12985,0.001957554420012886,-0.00064242697708361
0.52,0.315,0.9414386719950815,0.9433962264150944,0.9424164326653076,12250,762,735,149862,13012,12985,0.001957554420012886,-0.00064242697708361
0.52,0.32,0.9414386719950815,0.9433962264150944,0.9424164326653076,12250,762,735,149862,13012,12985,0.001957554420012886,-0.00064242697708361
0.598,0.275,0.9446034816247583,0.9402387370042357,0.9424160555769974,12209,716,776,149908,12925,12985,0.004364744620522609,-0.0006428040653938538
0.598,0.28,0.9446034816247583,0.9402387370042357,0.9424160555769974,12209,716,776,149908,12925,12985,0.004364744620522609,-0.0006428040653938538
0.638,0.365,0.9478111855429194,0.937081247593377,0.9424156759477984,12168,670,817,149954,12838,12985,0.010729937949542467,-0.0006431836945928193
0.55,0.36,0.9433598271471564,0.941470927993839,0.942414431082331,12225,734,760,149890,12959,12985,0.0018888991533173582,-0.0006444285600601951
0.552,0.355,0.9433598271471564,0.941470927993839,0.942414431082331,12225,734,760,149890,12959,12985,0.0018888991533173582,-0.0006444285600601951
0.554,0.345,0.9433598271471564,0.941470927993839,0.942414431082331,12225,734,760,149890,12959,12985,0.0018888991533173582,-0.0006444285600601951
0.556,0.345,0.9433598271471564,0.941470927993839,0.942414431082331,12225,734,760,149890,12959,12985,0.0018888991533173582,-0.0006444285600601951
0.614,0.38,0.9465506525792418,0.9383134385829803,0.9424140464864447,12184,688,801,149936,12872,12985,0.008237213996261428,-0.0006448131559465553
0.532,0.375,0.9427404438964242,0.9420870234886407,0.9424136204306459,12233,743,752,149881,12976,12985,0.0006534204077834893,-0.0006452392117453076
0.604,0.365,0.9459228799751727,0.938929534077782,0.9424132333616759,12192,697,793,149927,12889,12985,0.006993345897390646,-0.0006456262807152946
0.6,0.33,0.9452967611963428,0.9395456295725837,0.9424124213047005,12200,706,785,149918,12906,12985,0.005751131623759065,-0.0006464383376907357
0.656,0.36,0.9485139246431079,0.9363881401617251,0.9424120291427687,12159,660,826,149964,12819,12985,0.012125784481382795,-0.0006468304996225527
0.662,0.335,0.9485139246431079,0.9363881401617251,0.9424120291427687,12159,660,826,149964,12819,12985,0.012125784481382795,-0.0006468304996225527
0.64,0.365,0.947880959800561,0.9370042356565268,0.942411215677162,12167,669,818,149955,12836,12985,0.010876724144034178,-0.0006476439652292054
0.652,0.33,0.947880959800561,0.9370042356565268,0.942411215677162,12167,669,818,149955,12836,12985,0.010876724144034178,-0.0006476439652292054
0.626,0.37,0.9472496693378978,0.9376203311513285,0.9424104032819878,12175,678,810,149946,12853,12985,0.009629338186569303,-0.0006484563604034488
0.632,0.35,0.9472496693378978,0.9376203311513285,0.9424104032819878,12175,678,810,149946,12853,12985,0.009629338186569303,-0.0006484563604034488
0.552,0.305,0.9428086943117003,0.9420100115517905,0.9424091837127779,12232,742,753,149882,12974,12985,0.0007986827599097968,-0.0006496759296132915
0.598,0.345,0.9453657780533168,0.9394686176357335,0.9424079724979721,12199,705,786,149919,12904,12985,0.005897160417583258,-0.0006508871444190767
0.602,0.33,0.9453657780533168,0.9394686176357335,0.9424079724979721,12199,705,786,149919,12904,12985,0.005897160417583258,-0.0006508871444190767
0.52,0.33,0.9415744157441575,0.9432422025413939,0.9424075712691877,12248,760,737,149864,13008,12985,0.001667786797236448,-0.0006512883732034958
0.66,0.35,0.9485839119918857,0.9363111282248748,0.942407565305015,12158,659,827,149965,12817,12985,0.012272783767010909,-0.000651294337376207
0.638,0.375,0.9479507558048933,0.9369272237196765,0.9424067547155196,12166,668,819,149956,12834,12985,0.01102353208521678,-0.0006521049268716217
0.626,0.38,0.9473192747646098,0.9375433192144782,0.9424059451927543,12174,677,811,149947,12851,12985,0.009775955550131554,-0.0006529144496368877
0.63,0.36,0.9473192747646098,0.9375433192144782,0.9424059451927543,12174,677,811,149947,12851,12985,0.009775955550131554,-0.0006529144496368877
0.62,0.36,0.9466894622318931,0.93815941470928,0.9424051367346149,12182,686,803,149938,12868,12985,0.008530047522613105,-0.0006537229077763218
0.552,0.31,0.942876965772433,0.9419329996149404,0.9424047463112071,12231,741,754,149883,12972,12985,0.0009439661574925928,-0.0006541133311841474
0.552,0.315,0.942876965772433,0.9419329996149404,0.9424047463112071,12231,741,754,149883,12972,12985,0.0009439661574925928,-0.0006541133311841474
0.552,0.32,0.942876965772433,0.9419329996149404,0.9424047463112071,12231,741,754,149883,12972,12985,0.0009439661574925928,-0.0006541133311841474
0.554,0.3,0.942876965772433,0.9419329996149404,0.9424047463112071,12231,741,754,149883,12972,12985,0.0009439661574925928,-0.0006541133311841474
0.556,0.3,0.942876965772433,0.9419329996149404,0.9424047463112071,12231,741,754,149883,12972,12985,0.0009439661574925928,-0.0006541133311841474
0.604,0.375,0.9460613116026387,0.9387755102040817,0.9424043293390026,12190,695,795,149929,12885,12985,0.007285801398557057,-0.0006545303033885785
0.606,0.37,0.9460613116026387,0.9387755102040817,0.9424043293390026,12190,695,795,149929,12885,12985,0.007285801398557057,-0.0006545303033885785
0.608,0.37,0.9460613116026387,0.9387755102040817,0.9424043293390026,12190,695,795,149929,12885,12985,0.007285801398557057,-0.0006545303033885785
0.6,0.335,0.9454348163075492,0.9393916056988834,0.9424035230038244,12198,704,787,149920,12902,12985,0.006043210608665861,-0.0006553366385668724
0.658,0.36,0.94865392118611,0.9362341162880247,0.942403100775194,12157,658,828,149966,12815,12985,0.012419804898085363,-0.0006557588671972647
0.662,0.35,0.94865392118611,0.9362341162880247,0.942403100775194,12157,658,828,149966,12815,12985,0.012419804898085363,-0.0006557588671972647
0.64,0.375,0.9480205735660848,0.9368502117828263,0.9424022930627107,12165,667,820,149957,12832,12985,0.011170361783258476,-0.0006565665796804954
0.652,0.335,0.9480205735660848,0.9368502117828263,0.9424022930627107,12165,667,820,149957,12832,12985,0.011170361783258476,-0.0006565665796804954
0.622,0.365,0.9467588994248407,0.9380824027724297,0.9424006808247262,12181,685,804,149939,12866,12985,0.008676496652410992,-0.000658178817665056
0.542,0.365,0.9429452582883577,0.9418559876780901,0.9424003082257754,12230,740,755,149884,12970,12985,0.0010892706102676453,-0.0006585514166158601
0.606,0.38,0.9461305596522549,0.9386984982672314,0.9423998762950363,12189,694,796,149930,12883,12985,0.007432061385023503,-0.0006589833473549245
0.608,0.38,0.9461305596522549,0.9386984982672314,0.9423998762950363,12189,694,796,149930,12883,12985,0.007432061385023503,-0.0006589833473549245
0.522,0.37,0.9423269423269424,0.9424720831728918,0.9423995071615586,12238,749,747,149875,12987,12985,0.00014514084594940968,-0.0006593524808325979
0.602,0.335,0.9455038759689922,0.9393145937620331,0.9423990728220977,12197,703,788,149921,12900,12985,0.006189282206959135,-0.0006597868202935508
0.52,0.335,0.9417102430021532,0.9430881786676935,0.9423987071453308,12246,758,739,149866,13004,12985,0.0013779356655402308,-0.0006601524970604178
0.598,0.3,0.9448788418363397,0.9399306892568348,0.9423982704038297,12205,712,780,149912,12917,12985,0.004948152579504983,-0.0006605892385614931
0.642,0.37,0.9480904130943102,0.9367731998459762,0.9423978307185745,12164,666,821,149958,12830,12985,0.011317213248334013,-0.0006610289238166978
0.644,0.365,0.9480904130943102,0.9367731998459762,0.9423978307185745,12164,666,821,149958,12830,12985,0.011317213248334013,-0.0006610289238166978
0.632,0.325,0.9468283582089553,0.9380053908355795,0.9423962242253086,12180,684,805,149940,12864,12985,0.008822967373375734,-0.0006626354170826687
0.54,0.37,0.9430135718692165,0.9417789757412399,0.9423958694563249,12229,739,756,149885,12968,12985,0.001234596127976606,-0.0006629901860663034
0.552,0.33,0.9430135718692165,0.9417789757412399,0.9423958694563249,12229,739,756,149885,12968,12985,0.001234596127976606,-0.0006629901860663034
0.61,0.37,0.946199829205807,0.9386214863303812,0.9423954225624371,12188,693,797,149931,12881,12985,0.007578342875425803,-0.0006634370799540878
0.612,0.365,0.946199829205807,0.9386214863303812,0.9423954225624371,12188,693,797,149931,12881,12985,0.007578342875425803,-0.0006634370799540878
0.522,0.38,0.9423950712360416,0.9423950712360416,0.9423950712360416,12237,748,748,149876,12985,12985,0.0,-0.0006637884063496191
0.524,0.37,0.9423950712360416,0.9423950712360416,0.9423950712360416,12237,748,748,149876,12985,12985,0.0,-0.0006637884063496191
0.6,0.35,0.9455729570476042,0.9392375818251829,0.942394621952633,12196,702,789,149922,12898,12985,0.0063353752224213356,-0.000664237689758207
0.642,0.38,0.9481602743997506,0.9366961879091259,0.9423933676829503,12163,665,822,149959,12828,12985,0.011464086490624692,-0.0006654919594408781
0.652,0.35,0.9481602743997506,0.9366961879091259,0.9423933676829503,12163,665,822,149959,12828,12985,0.011464086490624692,-0.0006654919594408781
0.66,0.325,0.9481602743997506,0.9366961879091259,0.9423933676829503,12163,665,822,149959,12828,12985,0.011464086490624692,-0.0006654919594408781
0.622,0.375,0.9468978385943089,0.9379283788987293,0.9423917669362015,12179,683,806,149941,12862,12985,0.008969459695579607,-0.0006670927061896981
0.54,0.38,0.9430819065247571,0.9417019638043896,0.9423914300026974,12228,738,757,149886,12966,12985,0.0013799427203674552,-0.0006674296396937951
0.542,0.375,0.9430819065247571,0.9417019638043896,0.9423914300026974,12228,738,757,149886,12966,12985,0.0013799427203674552,-0.0006674296396937951
0.544,0.365,0.9430819065247571,0.9417019638043896,0.9423914300026974,12228,738,757,149886,12966,12985,0.0013799427203674552,-0.0006674296396937951
0.61,0.38,0.9462691202733131,0.938544474393531,0.9423909681410454,12187,692,798,149932,12879,12985,0.007724645879782166,-0.0006678915013458298
0.524,0.38,0.9424632211353308,0.9423180592991913,0.9423906346272335,12236,747,749,149877,12983,12985,0.00014516183613944023,-0.0006682250151577307
0.526,0.37,0.9424632211353308,0.9423180592991913,0.9423906346272335,12236,747,749,149877,12983,12985,0.00014516183613944023,-0.0006682250151577307
0.554,0.26,0.9424632211353308,0.9423180592991913,0.9423906346272335,12236,747,749,149877,12983,12985,0.00014516183613944023,-0.0006682250151577307
0.554,0.265,0.9424632211353308,0.9423180592991913,0.9423906346272335,12236,747,749,149877,12983,12985,0.00014516183613944023,-0.0006682250151577307
0.556,0.26,0.9424632211353308,0.9423180592991913,0.9423906346272335,12236,747,749,149877,12983,12985,0.00014516183613944023,-0.0006682250151577307
0.556,0.265,0.9424632211353308,0.9423180592991913,0.9423906346272335,12236,747,749,149877,12983,12985,0.00014516183613944023,-0.0006682250151577307
0.602,0.35,0.9456420595533499,0.9391605698883327,0.9423901703952707,12195,701,790,149923,12896,12985,0.006481489665017159,-0.0006686892471204908
0.52,0.35,0.9418461538461539,0.9429341547939931,0.9423898402924765,12244,756,741,149868,13000,12985,0.0010880009478392294,-0.0006690193499147012
0.644,0.375,0.9482301574925932,0.9366191759722757,0.9423889039556778,12162,664,823,149960,12826,12985,0.011610981520317476,-0.0006699556867134637
0.662,0.325,0.9482301574925932,0.9366191759722757,0.9423889039556778,12162,664,823,149960,12826,12985,0.011610981520317476,-0.0006699556867134637
0.552,0.335,0.9431502622647331,0.9416249518675395,0.9423869898647346,12227,737,758,149887,12964,12985,0.0015253103971936133,-0.0006718697776566529
0.612,0.375,0.9463384328647977,0.9384674624566808,0.9423865130307014,12186,691,799,149933,12877,12985,0.007870970408116906,-0.0006723466116898003
0.526,0.38,0.942531392034512,0.9422410473623412,0.9423861973349766,12235,746,750,149878,12981,12985,0.00029034467217081694,-0.0006726623074145843
0.648,0.37,0.9483000623830318,0.9365421640354255,0.9423844395365957,12161,663,824,149961,12824,12985,0.011757898347606321,-0.0006744201057955479
0.65,0.37,0.9483000623830318,0.9365421640354255,0.9423844395365957,12161,663,824,149961,12824,12985,0.011757898347606321,-0.0006744201057955479
0.596,0.27,0.9444616336633663,0.9403157489410858,0.9423841315169991,12210,718,775,149906,12928,12985,0.004145884722280502,-0.0006747281253921544
0.598,0.26,0.9444616336633663,0.9403157489410858,0.9423841315169991,12210,718,775,149906,12928,12985,0.004145884722280502,-0.0006747281253921544
0.598,0.265,0.9444616336633663,0.9403157489410858,0.9423841315169991,12210,718,775,149906,12928,12985,0.004145884722280502,-0.0006747281253921544
0.544,0.375,0.9432186390989045,0.9415479399306893,0.9423825490422785,12226,736,759,149888,12962,12985,0.0016706991682151617,-0.0006763106001127506
0.546,0.365,0.9432186390989045,0.9415479399306893,0.9423825490422785,12226,736,759,149888,12962,12985,0.0016706991682151617,-0.0006763106001127506
0.53,0.37,0.942599583943293,0.942164035425491,0.9423817593591126,12234,745,751,149879,12979,12985,0.0004355485178020313,-0.0006771002832786088
0.6,0.325,0.9451545433418546,0.939622641509434,0.9423804742411369,12201,708,784,149916,12909,12985,0.005531901832420583,-0.0006783854012543111
0.648,0.38,0.9483699890812666,0.9364651520985753,0.9423799744255434,12160,662,825,149962,12822,12985,0.011904836982691291,-0.0006788852168477799
0.65,0.38,0.9483699890812666,0.9364651520985753,0.9423799744255434,12160,662,825,149962,12822,12985,0.011904836982691291,-0.0006788852168477799
0.654,0.365,0.9483699890812666,0.9364651520985753,0.9423799744255434,12160,662,825,149962,12822,12985,0.011904836982691291,-0.0006788852168477799
0.596,0.275,0.9445304038372273,0.9402387370042357,0.9423796843039637,12209,717,776,149907,12926,12985,0.004291666832991647,-0.0006791753384275401
0.596,0.28,0.9445304038372273,0.9402387370042357,0.9423796843039637,12209,717,776,149907,12926,12985,0.004291666832991647,-0.0006791753384275401
0.652,0.325,0.9477373627229535,0.937081247593377,0.9423791821561338,12168,671,817,149953,12839,12985,0.010656115129576538,-0.0006796774862574129
0.548,0.365,0.9432870370370371,0.941470927993839,0.9423781075351705,12225,735,760,149889,12960,12985,0.0018161090431980664,-0.000680752107220739
0.552,0.35,0.9432870370370371,0.941470927993839,0.9423781075351705,12225,735,760,149889,12960,12985,0.0018161090431980664,-0.000680752107220739
0.554,0.34,0.9432870370370371,0.941470927993839,0.9423781075351705,12225,735,760,149889,12960,12985,0.0018161090431980664,-0.000680752107220739
0.556,0.34,0.9432870370370371,0.941470927993839,0.9423781075351705,12225,735,760,149889,12960,12985,0.0018161090431980664,-0.000680752107220739
0.53,0.38,0.9426677968713878,0.9420870234886407,0.9423773206994839,12233,744,752,149880,12977,12985,0.0005807733827470907,-0.0006815389429073448
0.532,0.37,0.9426677968713878,0.9420870234886407,0.9423773206994839,12233,744,752,149880,12977,12985,0.0005807733827470907,-0.0006815389429073448
0.554,0.285,0.9426677968713878,0.9420870234886407,0.9423773206994839,12233,744,752,149880,12977,12985,0.0005807733827470907,-0.0006815389429073448
0.554,0.29,0.9426677968713878,0.9420870234886407,0.9423773206994839,12233,744,752,149880,12977,12985,0.0005807733827470907,-0.0006815389429073448
0.556,0.285,0.9426677968713878,0.9420870234886407,0.9423773206994839,12233,744,752,149880,12977,12985,0.0005807733827470907,-0.0006815389429073448
0.556,0.29,0.9426677968713878,0.9420870234886407,0.9423773206994839,12233,744,752,149880,12977,12985,0.0005807733827470907,-0.0006815389429073448
0.558,0.27,0.9426677968713878,0.9420870234886407,0.9423773206994839,12233,744,752,149880,12977,12985,0.0005807733827470907,-0.0006815389429073448
0.602,0.325,0.94522352211978,0.9395456295725837,0.9423760234821567,12200,707,785,149917,12907,12985,0.005677892547196306,-0.0006828361602345678
0.52,0.325,0.9414341710860041,0.9433192144782441,0.9423757501154023,12249,762,736,149862,13011,12985,0.0018850433922399379,-0.000683109526988912
0.546,0.375,0.9433554560889026,0.9413939160569889,0.9423736653432525,12224,734,761,149890,12958,12985,0.0019615400319137333,-0.0006851942991387139
0.55,0.365,0.9433554560889026,0.9413939160569889,0.9423736653432525,12224,734,761,149890,12958,12985,0.0019615400319137333,-0.0006851942991387139
0.532,0.38,0.9427360308285164,0.9420100115517905,0.9423728813559322,12232,743,753,149881,12975,12985,0.0007260192767258866,-0.0006859782864589992
0.554,0.295,0.9427360308285164,0.9420100115517905,0.9423728813559322,12232,743,753,149881,12975,12985,0.0007260192767258866,-0.0006859782864589992
0.556,0.295,0.9427360308285164,0.9420100115517905,0.9423728813559322,12232,743,753,149881,12975,12985,0.0007260192767258866,-0.0006859782864589992
0.558,0.275,0.9427360308285164,0.9420100115517905,0.9423728813559322,12232,743,753,149881,12975,12985,0.0007260192767258866,-0.0006859782864589992
0.558,0.28,0.9427360308285164,0.9420100115517905,0.9423728813559322,12232,743,753,149881,12975,12985,0.0007260192767258866,-0.0006859782864589992
0.596,0.345,0.9452925222781867,0.9394686176357335,0.942371572035535,12199,706,786,149918,12905,12985,0.005823904642453193,-0.0006872876068562128
0.598,0.34,0.9452925222781867,0.9394686176357335,0.942371572035535,12199,706,786,149918,12905,12985,0.005823904642453193,-0.0006872876068562128
0.654,0.375,0.9485099079419567,0.9363111282248748,0.9423710421268846,12158,660,827,149964,12818,12985,0.012198779717081831,-0.0006878175155066169
0.656,0.365,0.9485099079419567,0.9363111282248748,0.9423710421268846,12158,660,827,149964,12818,12985,0.012198779717081831,-0.0006878175155066169
0.598,0.285,0.9446680080482898,0.9400847131305352,0.9423707878179642,12207,715,778,149909,12922,12985,0.0045832949177545546,-0.0006880718244269834
0.598,0.29,0.9446680080482898,0.9400847131305352,0.9423707878179642,12207,715,778,149909,12922,12985,0.0045832949177545546,-0.0006880718244269834
0.638,0.37,0.9478768991040125,0.9369272237196765,0.9423702556158018,12166,669,819,149955,12835,12985,0.010949675384336,-0.0006886040265894344
0.548,0.375,0.9434238962642791,0.9413169041201386,0.942369222466366,12223,733,762,149891,12956,12985,0.0021069921441405626,-0.0006896371760252151
0.554,0.355,0.9434238962642791,0.9413169041201386,0.942369222466366,12223,733,762,149891,12956,12985,0.0021069921441405626,-0.0006896371760252151
0.556,0.355,0.9434238962642791,0.9413169041201386,0.942369222466366,12223,733,762,149891,12956,12985,0.0021069921441405626,-0.0006896371760252151
0.604,0.37,0.9459878938382741,0.9387755102040817,0.9423679022844111,12190,696,795,149928,12886,12985,0.00721238363419241,-0.0006909573579800821
0.598,0.295,0.9447368421052632,0.940007701193685,0.9423663385446825,12206,714,779,149910,12920,12985,0.004729140911578167,-0.000692521097708676
0.638,0.38,0.9479466999142835,0.9368502117828263,0.9423657913083894,12165,668,820,149956,12833,12985,0.011096488131457138,-0.0006930683340018451
0.64,0.37,0.9479466999142835,0.9368502117828263,0.9423657913083894,12165,668,820,149956,12833,12985,0.011096488131457138,-0.0006930683340018451
0.63,0.365,0.9473151750972763,0.937466307277628,0.9423650087091155,12173,677,812,149947,12850,12985,0.009848867819648222,-0.0006938509332756748
0.632,0.36,0.9473151750972763,0.937466307277628,0.9423650087091155,12173,677,812,149947,12850,12985,0.009848867819648222,-0.0006938509332756748
0.55,0.375,0.9434923575729505,0.9412398921832884,0.9423647789043526,12222,732,763,149892,12954,12985,0.0022524653896620617,-0.0006940807380386715
0.558,0.345,0.9434923575729505,0.9412398921832884,0.9423647789043526,12222,732,763,149892,12954,12985,0.0022524653896620617,-0.0006940807380386715
0.62,0.365,0.9466853190331856,0.9380824027724297,0.9423642271390995,12181,686,804,149938,12867,12985,0.008602916260755933,-0.0006946325032917144
0.552,0.325,0.9428725618687842,0.9418559876780901,0.9423640006164279,12230,741,755,149883,12971,12985,0.0010165741906941195,-0.0006948590259633347
0.554,0.305,0.9428725618687842,0.9418559876780901,0.9423640006164279,12230,741,755,149883,12971,12985,0.0010165741906941195,-0.0006948590259633347
0.556,0.305,0.9428725618687842,0.9418559876780901,0.9423640006164279,12230,741,755,149883,12971,12985,0.0010165741906941195,-0.0006948590259633347
0.604,0.38,0.9460571251164235,0.9386984982672314,0.9423634465963121,12189,695,796,149929,12884,12985,0.007358626849192085,-0.0006954130460791186
0.598,0.355,0.9454305867762189,0.9393145937620331,0.9423626670787298,12197,704,788,149920,12901,12985,0.006115993014185861,-0.0006961925636613797
0.656,0.375,0.9486499141563914,0.9361571043511744,0.9423621070584132,12156,658,829,149966,12814,12985,0.012492809805217053,-0.0006967525839780553
0.658,0.365,0.9486499141563914,0.9361571043511744,0.9423621070584132,12156,658,829,149966,12814,12985,0.012492809805217053,-0.0006967525839780553
0.66,0.36,0.9486499141563914,0.9361571043511744,0.9423621070584132,12156,658,829,149966,12814,12985,0.012492809805217053,-0.0006967525839780553
0.596,0.3,0.9448056974763895,0.9399306892568348,0.9423618885843339,12205,713,780,149911,12918,12985,0.004875008219554777,-0.0006969710580573274
0.64,0.38,0.9480165224846075,0.9367731998459762,0.9423613263092655,12164,667,821,149957,12831,12985,0.01124332263863137,-0.0006975333331257216
0.554,0.31,0.9429408589713933,0.9417789757412399,0.9423595592201588,12229,740,756,149884,12969,12985,0.0011618832301534265,-0.0006993004222324295
0.554,0.315,0.9429408589713933,0.9417789757412399,0.9423595592201588,12229,740,756,149884,12969,12985,0.0011618832301534265,-0.0006993004222324295
0.554,0.32,0.9429408589713933,0.9417789757412399,0.9423595592201588,12229,740,756,149884,12969,12985,0.0011618832301534265,-0.0006993004222324295
0.556,0.31,0.9429408589713933,0.9417789757412399,0.9423595592201588,12229,740,756,149884,12969,12985,0.0011618832301534265,-0.0006993004222324295
0.556,0.315,0.9429408589713933,0.9417789757412399,0.9423595592201588,12229,740,756,149884,12969,12985,0.0011618832301534265,-0.0006993004222324295
0.556,0.32,0.9429408589713933,0.9417789757412399,0.9423595592201588,12229,740,756,149884,12969,12985,0.0011618832301534265,-0.0006993004222324295
0.662,0.36,0.9487199500468311,0.9360800924143242,0.9423576384850951,12155,657,830,149967,12812,12985,0.012639857632506857,-0.0007012211572960947
0.598,0.305,0.9448745741715702,0.9398536773199846,0.9423574379367593,12204,712,781,149912,12916,12985,0.005020896851585577,-0.0007014217056319216
0.63,0.375,0.9474544605324615,0.9373122834039276,0.9423560837753088,12171,675,814,149949,12846,12985,0.010142177128533936,-0.0007027758670824502
0.62,0.375,0.946824224519941,0.9379283788987293,0.9423553079541938,12179,684,806,149940,12863,12985,0.008895845621211707,-0.0007035516881974679
0.622,0.37,0.946824224519941,0.9379283788987293,0.9423553079541938,12179,684,806,149940,12863,12985,0.008895845621211707,-0.0007035516881974679
0.542,0.37,0.9430091771419757,0.9417019638043896,0.9423551171393341,12228,739,757,149885,12967,12985,0.0013072133375860995,-0.0007037425030571587
0.558,0.3,0.9430091771419757,0.9417019638043896,0.9423551171393341,12228,739,757,149885,12967,12985,0.0013072133375860995,-0.0007037425030571587
0.658,0.375,0.9487900078064012,0.936003080477474,0.9423531692188409,12154,656,831,149968,12810,12985,0.012786927328927167,-0.000705690423550287
0.598,0.31,0.9449434722007124,0.9397766653831344,0.9423529866017993,12203,711,782,149913,12914,12985,0.0051668068175779736,-0.0007058730405918867
0.598,0.315,0.9449434722007124,0.9397766653831344,0.9423529866017993,12203,711,782,149913,12914,12985,0.0051668068175779736,-0.0007058730405918867
0.598,0.32,0.9449434722007124,0.9397766653831344,0.9423529866017993,12203,711,782,149913,12914,12985,0.0051668068175779736,-0.0007058730405918867
0.644,0.37,0.9481562329461293,0.9366191759722757,0.9423523942352395,12162,665,823,149959,12827,12985,0.011537056973853543,-0.0007064654071516907
0.622,0.38,0.9468937096648783,0.9378513669618791,0.9423508473264721,12178,683,807,149941,12861,12985,0.009042342702999195,-0.0007080123159191043
0.542,0.38,0.9430775163902815,0.9416249518675395,0.9423506743737958,12227,738,758,149886,12965,12985,0.0014525645227420059,-0.000708185268595396
0.554,0.33,0.9430775163902815,0.9416249518675395,0.9423506743737958,12227,738,758,149886,12965,12985,0.0014525645227420059,-0.000708185268595396
0.556,0.33,0.9430775163902815,0.9416249518675395,0.9423506743737958,12227,738,758,149886,12965,12985,0.0014525645227420059,-0.000708185268595396
0.612,0.37,0.9462649479732878,0.9384674624566808,0.9423500753972857,12186,692,799,149932,12878,12985,0.007797485516606972,-0.0007087842451055648
0.6,0.36,0.9456378441256301,0.9390835579514825,0.9423493044822256,12194,701,791,149923,12895,12985,0.006554286174147661,-0.0007095551601655758
0.644,0.38,0.9482261208576998,0.9365421640354255,0.9423479271600155,12161,664,824,149960,12825,12985,0.0116839568222743,-0.0007109324823757479
0.652,0.36,0.9482261208576998,0.9365421640354255,0.9423479271600155,12161,664,824,149960,12825,12985,0.0116839568222743,-0.0007109324823757479
0.596,0.26,0.9443885838038518,0.9403157489410858,0.9423477656865016,12210,719,775,149905,12929,12985,0.004072834862765995,-0.0007110939558896412
0.596,0.265,0.9443885838038518,0.9403157489410858,0.9423477656865016,12210,719,775,149905,12929,12985,0.004072834862765995,-0.0007110939558896412
0.544,0.37,0.9431458767260665,0.9415479399306893,0.9423462309233852,12226,737,759,149887,12963,12985,0.0015979367953772305,-0.0007126287190060143
0.612,0.38,0.9463342652997826,0.9383904505198306,0.9423456169521673,12185,691,800,149933,12876,12985,0.007943814779951985,-0.0007132426902238809
0.602,0.36,0.945706972775925,0.9390065460146323,0.942344848906407,12193,700,792,149924,12893,12985,0.006700426761292677,-0.0007140107359842052
0.52,0.36,0.9419096714626453,0.9427801309202927,0.9423447001770456,12242,755,743,149869,12997,12985,0.0008704594576474101,-0.0007141594653455874
0.598,0.33,0.9450813323005423,0.939622641509434,0.9423440818690867,12201,709,784,149915,12910,12985,0.005458690791108278,-0.0007147777733045313
0.544,0.38,0.9432142581590927,0.941470927993839,0.9423417867879442,12225,736,760,149888,12961,12985,0.0017433301652536315,-0.0007170728544469984
0.554,0.335,0.9432142581590927,0.941470927993839,0.9423417867879442,12225,736,760,149888,12961,12985,0.0017433301652536315,-0.0007170728544469984
0.556,0.335,0.9432142581590927,0.941470927993839,0.9423417867879442,12225,736,760,149888,12961,12985,0.0017433301652536315,-0.0007170728544469984
0.558,0.26,0.942595161041763,0.9420870234886407,0.9423410237645882,12233,745,752,149879,12978,12985,0.0005081375531222898,-0.0007178358778030525
0.558,0.265,0.942595161041763,0.9420870234886407,0.9423410237645882,12233,745,752,149879,12978,12985,0.0005081375531222898,-0.0007178358778030525
0.546,0.37,0.943282660699128,0.9413939160569889,0.9423373419673142,12224,735,761,149889,12959,12985,0.001888744642139173,-0.0007215176750769992
0.56,0.27,0.9426633785450061,0.9420100115517905,0.9423365817957705,12232,744,753,149880,12976,12985,0.0006533669932156094,-0.0007222778466207114
0.562,0.27,0.9426633785450061,0.9420100115517905,0.9423365817957705,12232,744,753,149880,12976,12985,0.0006533669932156094,-0.0007222778466207114
0.596,0.34,0.9452192778552612,0.9394686176357335,0.9423351743849214,12199,707,786,149917,12906,12985,0.005750660219527637,-0.0007236852574697972
0.598,0.335,0.9452192778552612,0.9394686176357335,0.9423351743849214,12199,707,786,149917,12906,12985,0.005750660219527637,-0.0007236852574697972
0.654,0.37,0.9484359154380216,0.9363111282248748,0.9423345217795691,12158,661,827,149963,12819,12985,0.012124787213146804,-0.0007243378628221109
0.596,0.285,0.9445949083030256,0.9400847131305352,0.9423344140805928,12207,716,778,149908,12923,12985,0.0045101951724904055,-0.0007244455617984036
0.596,0.29,0.9445949083030256,0.9400847131305352,0.9423344140805928,12207,716,778,149908,12923,12985,0.0045101951724904055,-0.0007244455617984036
0.664,0.27,0.9478030539108757,0.9369272237196765,0.9423337593431704,12166,670,819,149954,12836,12985,0.010875830191199198,-0.0007251002992207933
0.546,0.38,0.9433510843559466,0.9413169041201386,0.9423328964613368,12223,734,762,149890,12957,12985,0.0020341802358080363,-0.0007259631810544454
0.548,0.37,0.9433510843559466,0.9413169041201386,0.9423328964613368,12223,734,762,149890,12957,12985,0.0020341802358080363,-0.0007259631810544454
0.552,0.36,0.9433510843559466,0.9413169041201386,0.9423328964613368,12223,734,762,149890,12957,12985,0.0020341802358080363,-0.0007259631810544454
0.554,0.35,0.9433510843559466,0.9413169041201386,0.9423328964613368,12223,734,762,149890,12957,12985,0.0020341802358080363,-0.0007259631810544454
0.556,0.35,0.9433510843559466,0.9413169041201386,0.9423328964613368,12223,734,762,149890,12957,12985,0.0020341802358080363,-0.0007259631810544454
0.56,0.275,0.9427316170803145,0.9419329996149404,0.942332139142494,12231,743,754,149881,12974,12985,0.0007986174653741296,-0.0007267204998971932
0.56,0.28,0.9427316170803145,0.9419329996149404,0.942332139142494,12231,743,754,149881,12974,12985,0.0007986174653741296,-0.0007267204998971932
0.562,0.275,0.9427316170803145,0.9419329996149404,0.942332139142494,12231,743,754,149881,12974,12985,0.0007986174653741296,-0.0007267204998971932
0.562,0.28,0.9427316170803145,0.9419329996149404,0.942332139142494,12231,743,754,149881,12974,12985,0.0007986174653741296,-0.0007267204998971932
0.654,0.38,0.9485058906140282,0.9362341162880247,0.9423300519339586,12157,660,828,149964,12817,12985,0.01227177432600357,-0.0007288077084326439
0.596,0.295,0.9446637257178236,0.940007701193685,0.9423299621709256,12206,715,779,149909,12921,12985,0.004656024524138602,-0.0007288974714656504
0.664,0.275,0.947872837774661,0.9368502117828263,0.9423292923815795,12165,669,820,149955,12834,12985,0.011022625991834678,-0.0007295672608117476
0.664,0.28,0.947872837774661,0.9368502117828263,0.9423292923815795,12165,669,820,149955,12834,12985,0.011022625991834678,-0.0007295672608117476
0.548,0.38,0.9434195291393285,0.9412398921832884,0.9423284502698536,12222,733,763,149891,12955,12985,0.0021796369560400652,-0.0007304093725376548
0.55,0.37,0.9434195291393285,0.9412398921832884,0.9423284502698536,12222,733,763,149891,12955,12985,0.0021796369560400652,-0.0007304093725376548
0.558,0.34,0.9434195291393285,0.9412398921832884,0.9423284502698536,12222,733,763,149891,12955,12985,0.0021796369560400652,-0.0007304093725376548
0.558,0.285,0.9427998766574159,0.9418559876780901,0.9423276958045999,12230,742,755,149882,12972,12985,0.0009438889793258465,-0.000731163837791371
0.558,0.29,0.9427998766574159,0.9418559876780901,0.9423276958045999,12230,742,755,149882,12972,12985,0.0009438889793258465,-0.000731163837791371
0.564,0.27,0.9427998766574159,0.9418559876780901,0.9423276958045999,12230,742,755,149882,12972,12985,0.0009438889793258465,-0.000731163837791371
0.596,0.355,0.9453573089443497,0.9393145937620331,0.9423262641480279,12197,705,788,149919,12902,12985,0.0060427151823165826,-0.0007325954943633306
0.598,0.35,0.9453573089443497,0.9393145937620331,0.9423262641480279,12197,705,788,149919,12902,12985,0.0060427151823165826,-0.0007325954943633306
0.656,0.37,0.9485758876316817,0.9361571043511744,0.9423255813953488,12156,659,829,149965,12815,12985,0.012418783280507273,-0.0007332782470423904
0.666,0.27,0.9479426433915212,0.9367731998459762,0.9423248247278925,12164,668,821,149956,12832,12985,0.011169443545545055,-0.000734034914498749
0.632,0.365,0.9473110747918126,0.9373892953407779,0.9423240690562825,12172,677,813,149947,12849,12985,0.009921779451034785,-0.0007347905861087023
0.55,0.38,0.9434879950590597,0.9411628802464382,0.9423240033927056,12221,732,764,149892,12953,12985,0.0023251148126214316,-0.0007348562496856115
0.56,0.345,0.9434879950590597,0.9411628802464382,0.9423240033927056,12221,732,764,149892,12953,12985,0.0023251148126214316,-0.0007348562496856115
0.562,0.345,0.9434879950590597,0.9411628802464382,0.9423240033927056,12221,732,764,149892,12953,12985,0.0023251148126214316,-0.0007348562496856115
0.558,0.295,0.9428681572860447,0.9417789757412399,0.9423232517819303,12229,741,756,149883,12970,12985,0.0010891815448047515,-0.0007356078604608962
0.564,0.275,0.9428681572860447,0.9417789757412399,0.9423232517819303,12229,741,756,149883,12970,12985,0.0010891815448047515,-0.0007356078604608962
0.564,0.28,0.9428681572860447,0.9417789757412399,0.9423232517819303,12229,741,756,149883,12970,12985,0.0010891815448047515,-0.0007356078604608962
0.656,0.38,0.9486459065012097,0.9360800924143242,0.9423211101635787,12155,658,830,149966,12813,12985,0.012565814086885507,-0.0007377494788125549
0.66,0.365,0.9486459065012097,0.9360800924143242,0.9423211101635787,12155,658,830,149966,12813,12985,0.012565814086885507,-0.0007377494788125549
0.664,0.345,0.9486459065012097,0.9360800924143242,0.9423211101635787,12155,658,830,149966,12813,12985,0.012565814086885507,-0.0007377494788125549
0.596,0.305,0.9448014244793683,0.9398536773199846,0.9423210562890897,12204,713,781,149911,12917,12985,0.004947747159383731,-0.000737803353301536
0.666,0.275,0.948012470771629,0.9366961879091259,0.9423203563819484,12163,667,822,149957,12830,12985,0.01131628286250308,-0.0007385032604427799
0.666,0.28,0.948012470771629,0.9366961879091259,0.9423203563819484,12163,667,822,149957,12830,12985,0.01131628286250308,-0.0007385032604427799
0.63,0.37,0.947380711450144,0.9373122834039276,0.9423196035924435,12171,676,814,149948,12847,12985,0.010068428046216438,-0.0007392560499477341
0.558,0.355,0.9435564821249325,0.941085868309588,0.9423195558297348,12220,731,765,149893,12951,12985,0.0024706138153445245,-0.0007393038126564111
0.62,0.37,0.9467506218905473,0.9379283788987293,0.9423188517931061,12179,685,806,149939,12864,12985,0.008822242991817997,-0.0007400078492850737
0.554,0.325,0.9429364589759408,0.9417019638043896,0.9423188070743267,12228,740,757,149884,12968,12985,0.0012344951715511643,-0.0007400525680645309
0.556,0.325,0.9429364589759408,0.9417019638043896,0.9423188070743267,12228,740,757,149884,12968,12985,0.0012344951715511643,-0.0007400525680645309
0.658,0.37,0.9487159472328468,0.936003080477474,0.9423166382384867,12154,657,831,149967,12811,12985,0.012712866755372754,-0.0007422214039045638
0.662,0.365,0.9487159472328468,0.936003080477474,0.9423166382384867,12154,657,831,149967,12811,12985,0.012712866755372754,-0.0007422214039045638
0.596,0.31,0.9448703058459156,0.9397766653831344,0.9423166023166022,12203,712,782,149912,12915,12985,0.005093640462781157,-0.0007422573257890308
0.596,0.315,0.9448703058459156,0.9397766653831344,0.9423166023166022,12203,712,782,149912,12915,12985,0.005093640462781157,-0.0007422573257890308
0.596,0.32,0.9448703058459156,0.9397766653831344,0.9423166023166022,12203,712,782,149912,12915,12985,0.005093640462781157,-0.0007422573257890308
0.594,0.27,0.9442468295700588,0.9403927608779361,0.9423158544584636,12211,721,774,149903,12932,12985,0.0038540686921226808,-0.0007430051839276697
0.63,0.38,0.947450369793694,0.9372352714670774,0.9423151374370887,12170,675,815,149949,12845,12985,0.0102150983266166,-0.0007437222053024994
0.632,0.375,0.947450369793694,0.9372352714670774,0.9423151374370887,12170,675,815,149949,12845,12985,0.0102150983266166,-0.0007437222053024994
0.564,0.345,0.943624990346745,0.9410088563727378,0.9423151075807821,12219,730,766,149894,12949,12985,0.002616133974007173,-0.0007437520616091486
0.62,0.38,0.9468200901881512,0.9378513669618791,0.9423143885170426,12178,684,807,149940,12862,12985,0.008968723226272068,-0.0007444711253485892
0.558,0.305,0.9430047817368502,0.9416249518675395,0.9423143616816309,12227,739,758,149885,12966,12985,0.0013798298693107336,-0.0007444979607603708
0.56,0.3,0.9430047817368502,0.9416249518675395,0.9423143616816309,12227,739,758,149885,12966,12985,0.0013798298693107336,-0.0007444979607603708
0.562,0.3,0.9430047817368502,0.9416249518675395,0.9423143616816309,12227,739,758,149885,12966,12985,0.0013798298693107336,-0.0007444979607603708
0.658,0.38,0.9487860098368335,0.9359260685406238,0.9423121656199116,12153,656,832,149968,12809,12985,0.01285994129620971,-0.0007466940224796215
0.66,0.375,0.9487860098368335,0.9359260685406238,0.9423121656199116,12153,656,832,149968,12809,12985,0.01285994129620971,-0.0007466940224796215
0.666,0.345,0.9487860098368335,0.9359260685406238,0.9423121656199116,12153,656,832,149968,12809,12985,0.01285994129620971,-0.0007466940224796215
0.598,0.325,0.9449392085495237,0.9396996534462841,0.9423121476561896,12202,711,783,149913,12913,12985,0.00523955510323959,-0.0007467119862015759
0.664,0.3,0.948152190862311,0.9365421640354255,0.9423114176126458,12161,665,824,149959,12826,12985,0.0116100268268855,-0.0007474420297454154
0.594,0.275,0.9443155452436195,0.9403157489410858,0.9423114026625508,12210,720,775,149904,12930,12985,0.003999796302533665,-0.0007474569798404662
0.594,0.28,0.9443155452436195,0.9403157489410858,0.9423114026625508,12210,720,775,149904,12930,12985,0.003999796302533665,-0.0007474569798404662
0.558,0.31,0.9430731255785252,0.9415479399306893,0.9423099156036842,12226,738,759,149886,12964,12985,0.0015251856478358805,-0.0007489440387070667
0.558,0.315,0.9430731255785252,0.9415479399306893,0.9423099156036842,12226,738,759,149886,12964,12985,0.0015251856478358805,-0.0007489440387070667
0.558,0.32,0.9430731255785252,0.9415479399306893,0.9423099156036842,12226,738,759,149886,12964,12985,0.0015251856478358805,-0.0007489440387070667
0.6,0.365,0.9456336280440515,0.9390065460146323,0.942308435410951,12193,701,792,149923,12894,12985,0.006627082029419196,-0.0007504242314402276
0.596,0.33,0.9450081326001084,0.939622641509434,0.9423076923076924,12201,710,784,149914,12911,12985,0.0053854910906744324,-0.0007511673346988212
0.662,0.375,0.9488560943234169,0.9358490566037736,0.9423076923076923,12152,655,833,149969,12807,12985,0.013007037719643288,-0.0007511673346989323
0.652,0.365,0.9482220835932627,0.9364651520985753,0.942306947188965,12160,664,825,149960,12824,12985,0.011756931494687373,-0.0007519124534262067
0.564,0.3,0.9431414905107236,0.941470927993839,0.9423054688403283,12225,737,760,149887,12962,12985,0.0016705625168845772,-0.0007533908020629365
0.52,0.365,0.9419052016004925,0.9427031189834424,0.9423039913783149,12241,755,744,149869,12996,12985,0.0007979173829498754,-0.000754868264076336
0.602,0.365,0.9457027614024202,0.938929534077782,0.9423039765042316,12192,700,793,149924,12892,12985,0.0067732273246381425,-0.0007548831381596344
0.594,0.345,0.9450770780075916,0.9395456295725837,0.9423032362709508,12200,709,785,149915,12909,12985,0.0055314484350078574,-0.000755623371440417
0.666,0.3,0.9482919981282171,0.9363881401617251,0.9423024760723835,12159,663,826,149961,12822,12985,0.01190385796649196,-0.0007563835700077348
0.558,0.33,0.9432098765432099,0.9413939160569889,0.9423010213914049,12224,736,761,149888,12960,12985,0.0018159604862210132,-0.000757838250986298
0.56,0.26,0.9425907374585806,0.9420100115517905,0.9423002850319697,12232,745,753,149879,12977,12985,0.0005807259067900361,-0.000758574610421503
0.56,0.265,0.9425907374585806,0.9420100115517905,0.9423002850319697,12232,745,753,149879,12977,12985,0.0005807259067900361,-0.000758574610421503
0.562,0.26,0.9425907374585806,0.9420100115517905,0.9423002850319697,12232,745,753,149879,12977,12985,0.0005807259067900361,-0.000758574610421503
0.562,0.265,0.9425907374585806,0.9420100115517905,0.9423002850319697,12232,745,753,149879,12977,12985,0.0005807259067900361,-0.000758574610421503
0.6,0.375,0.9457719162141195,0.9388525221409318,0.9422995169082125,12191,699,794,149925,12890,12985,0.006919394073187646,-0.0007593427341787695
0.596,0.335,0.9451460447819013,0.9394686176357335,0.9422987795458055,12199,708,786,149916,12907,12985,0.005677427146167813,-0.0007600800965856802
0.652,0.375,0.948361934477379,0.9363111282248748,0.9422980042627397,12158,662,827,149962,12820,12985,0.01205080625250421,-0.0007608553796515372
0.664,0.26,0.9477292202227935,0.9369272237196765,0.9422972658972968,12166,671,819,149953,12837,12985,0.010801996503116973,-0.0007615937450944354
0.664,0.265,0.9477292202227935,0.9369272237196765,0.9422972658972968,12166,671,819,149953,12837,12985,0.010801996503116973,-0.0007615937450944354
0.52,0.375,0.9420412561576355,0.942549095109742,0.9422951072102245,12239,753,746,149871,12992,12985,0.0005078389521065985,-0.0007637524321667533
0.602,0.375,0.9458410924891372,0.9387755102040817,0.9422950566227342,12190,698,795,149926,12888,12985,0.007065582285055494,-0.0007638030196570611
0.594,0.3,0.9445906206469586,0.940007701193685,0.9422935886053962,12206,716,779,149908,12922,12985,0.004582919453273604,-0.0007652710369949745
0.552,0.365,0.9433467119481321,0.9412398921832884,0.9422921244362207,12222,734,763,149890,12956,12985,0.002106819764843726,-0.0007667352061705435
0.558,0.335,0.9433467119481321,0.9412398921832884,0.9422921244362207,12222,734,763,149890,12956,12985,0.002106819764843726,-0.0007667352061705435
0.564,0.26,0.9427272026516611,0.9418559876780901,0.9422913937899684,12230,743,755,149881,12973,12985,0.0008712149735710106,-0.0007674658524228217
0.564,0.265,0.9427272026516611,0.9418559876780901,0.9422913937899684,12230,743,755,149881,12973,12985,0.0008712149735710106,-0.0007674658524228217
0.596,0.35,0.9452840424707433,0.9393145937620331,0.9422898640296663,12197,706,788,149918,12903,12985,0.00596944870871019,-0.0007689956127249209
0.666,0.26,0.9478687758123587,0.9367731998459762,0.9422883259741267,12164,669,821,149955,12833,12985,0.011095575966382554,-0.000770533668264517
0.666,0.265,0.9478687758123587,0.9367731998459762,0.9422883259741267,12164,669,821,149955,12833,12985,0.011095575966382554,-0.000770533668264517
0.554,0.36,0.9434151613401266,0.9411628802464382,0.9422876749296427,12221,733,764,149891,12954,12985,0.0022522810936883575,-0.0007711847127485072
0.556,0.36,0.9434151613401266,0.9411628802464382,0.9422876749296427,12221,733,764,149891,12954,12985,0.0022522810936883575,-0.0007711847127485072
0.56,0.34,0.9434151613401266,0.9411628802464382,0.9422876749296427,12221,733,764,149891,12954,12985,0.0022522810936883575,-0.0007711847127485072
0.562,0.34,0.9434151613401266,0.9411628802464382,0.9422876749296427,12221,733,764,149891,12954,12985,0.0022522810936883575,-0.0007711847127485072
0.56,0.285,0.9427954668105775,0.9417789757412399,0.942286947141316,12229,742,756,149882,12971,12985,0.001016491069337544,-0.0007719125010752226
0.56,0.29,0.9427954668105775,0.9417789757412399,0.942286947141316,12229,742,756,149882,12971,12985,0.001016491069337544,-0.0007719125010752226
0.562,0.285,0.9427954668105775,0.9417789757412399,0.942286947141316,12229,742,756,149882,12971,12985,0.001016491069337544,-0.0007719125010752226
0.562,0.29,0.9427954668105775,0.9417789757412399,0.942286947141316,12229,742,756,149882,12971,12985,0.001016491069337544,-0.0007719125010752226
0.664,0.34,0.9485718745122522,0.9360800924143242,0.9422845846738246,12155,659,830,149965,12814,12985,0.012491782097928006,-0.000774274968566635
0.664,0.285,0.9479385862364585,0.9366961879091259,0.9422838549736597,12163,668,822,149956,12831,12985,0.011242398327332648,-0.0007750046687314827
0.664,0.29,0.9479385862364585,0.9366961879091259,0.9422838549736597,12163,668,822,149956,12831,12985,0.011242398327332648,-0.0007750046687314827
0.552,0.375,0.9434836318715256,0.941085868309588,0.9422832247368624,12220,732,765,149892,12952,12985,0.0023977635619376603,-0.0007756349055287881
0.558,0.35,0.9434836318715256,0.941085868309588,0.9422832247368624,12220,732,765,149892,12952,12985,0.0023977635619376603,-0.0007756349055287881
0.56,0.295,0.9428637520240574,0.9417019638043896,0.9422824998073515,12228,741,757,149883,12969,12985,0.0011617882196677254,-0.0007763598350397638
0.562,0.295,0.9428637520240574,0.9417019638043896,0.9422824998073515,12228,741,757,149883,12969,12985,0.0011617882196677254,-0.0007763598350397638
0.598,0.36,0.9454221257461819,0.9391605698883327,0.9422809457579973,12195,704,790,149920,12899,12985,0.006261555857849155,-0.0007779138843939659
0.594,0.26,0.9441738189128586,0.9403927608779361,0.9422794968747589,12211,722,774,149902,12933,12985,0.0037810580349224576,-0.0007793627676323522
0.594,0.265,0.9441738189128586,0.9403927608779361,0.9422794968747589,12211,722,774,149902,12933,12985,0.0037810580349224576,-0.0007793627676323522
0.664,0.295,0.9480084184270013,0.9366191759722757,0.9422793832803905,12162,667,823,149957,12829,12985,0.011389242454725612,-0.0007794763620007084
0.56,0.355,0.9435521235521236,0.9410088563727378,0.9422787738577214,12219,731,766,149893,12950,12985,0.0025432671793857997,-0.000780085784669815
0.562,0.355,0.9435521235521236,0.9410088563727378,0.9422787738577214,12219,731,766,149893,12950,12985,0.0025432671793857997,-0.000780085784669815
0.564,0.34,0.9435521235521236,0.9410088563727378,0.9422787738577214,12219,731,766,149893,12950,12985,0.0025432671793857997,-0.000780085784669815
0.632,0.37,0.9473766152888059,0.9372352714670774,0.9422786574271225,12170,676,815,149948,12846,12985,0.010141343821728488,-0.0007802022152687549
0.564,0.285,0.9429320583018431,0.9416249518675395,0.9422780517879161,12227,740,758,149884,12967,12985,0.001307106434303651,-0.0007808078544750963
0.564,0.29,0.9429320583018431,0.9416249518675395,0.9422780517879161,12227,740,758,149884,12967,12985,0.001307106434303651,-0.0007808078544750963
0.596,0.325,0.9448660368592225,0.9396996534462841,0.9422757635429939,12202,712,783,149912,12914,12985,0.005166383412938402,-0.0007830960993973068
0.66,0.37,0.948711943793911,0.9359260685406238,0.9422756348129483,12153,657,832,149967,12810,12985,0.012785875253287227,-0.00078322482944293
0.664,0.355,0.948711943793911,0.9359260685406238,0.9422756348129483,12153,657,832,149967,12810,12985,0.012785875253287227,-0.00078322482944293
0.666,0.34,0.948711943793911,0.9359260685406238,0.9422756348129483,12153,657,832,149967,12810,12985,0.012785875253287227,-0.00078322482944293
0.666,0.285,0.9480782723941685,0.9365421640354255,0.9422749108941578,12161,666,824,149958,12827,12985,0.01153610835874308,-0.0007839487482333984
0.666,0.29,0.9480782723941685,0.9365421640354255,0.9422749108941578,12161,666,824,149958,12827,12985,0.01153610835874308,-0.0007839487482333984
0.632,0.38,0.9474462784179384,0.9371582595302271,0.9422741879282976,12169,675,816,149949,12844,12985,0.010288018887711248,-0.0007846717140935766
0.56,0.305,0.9430003856536829,0.9415479399306893,0.9422736030828517,12226,739,759,149885,12965,12985,0.0014524457229936338,-0.0007852565595395378
0.562,0.305,0.9430003856536829,0.9415479399306893,0.9422736030828517,12226,739,759,149885,12965,12985,0.0014524457229936338,-0.0007852565595395378
0.564,0.295,0.9430003856536829,0.9415479399306893,0.9422736030828517,12226,739,759,149885,12965,12985,0.0014524457229936338,-0.0007852565595395378
0.66,0.38,0.9487820112429731,0.9358490566037736,0.9422711588415462,12152,656,833,149968,12808,12985,0.012932954639199523,-0.0007877008008450037
0.662,0.37,0.9487820112429731,0.9358490566037736,0.9422711588415462,12152,656,833,149968,12808,12985,0.012932954639199523,-0.0007877008008450037
0.664,0.305,0.9481481481481482,0.9364651520985753,0.9422704378148005,12160,665,825,149959,12825,12985,0.011682996049572902,-0.0007884218275907573
0.666,0.295,0.9481481481481482,0.9364651520985753,0.9422704378148005,12160,665,825,149959,12825,12985,0.011682996049572902,-0.0007884218275907573
0.564,0.355,0.9436891704001236,0.9408548324990373,0.9422698700397207,12217,729,768,149895,12946,12985,0.0028343379010862257,-0.0007889896026704868
0.558,0.325,0.9430687340893312,0.941470927993839,0.9422691536919994,12225,738,760,149886,12963,12985,0.0015978060954922046,-0.0007897059503918502
0.56,0.31,0.9430687340893312,0.941470927993839,0.9422691536919994,12225,738,760,149886,12963,12985,0.0015978060954922046,-0.0007897059503918502
0.56,0.315,0.9430687340893312,0.941470927993839,0.9422691536919994,12225,738,760,149886,12963,12985,0.0015978060954922046,-0.0007897059503918502
0.56,0.32,0.9430687340893312,0.941470927993839,0.9422691536919994,12225,738,760,149886,12963,12985,0.0015978060954922046,-0.0007897059503918502
0.562,0.31,0.9430687340893312,0.941470927993839,0.9422691536919994,12225,738,760,149886,12963,12985,0.0015978060954922046,-0.0007897059503918502
0.562,0.315,0.9430687340893312,0.941470927993839,0.9422691536919994,12225,738,760,149886,12963,12985,0.0015978060954922046,-0.0007897059503918502
0.562,0.32,0.9430687340893312,0.941470927993839,0.9422691536919994,12225,738,760,149886,12963,12985,0.0015978060954922046,-0.0007897059503918502
0.594,0.34,0.9450038729666925,0.9395456295725837,0.9422668468816373,12200,710,785,149914,12910,12985,0.00545824339410883,-0.0007920127607539129
0.662,0.38,0.9488521005778542,0.9357720446669233,0.9422666821759529,12151,655,834,149969,12806,12985,0.013080055910930866,-0.0007921774664383374
0.666,0.355,0.9488521005778542,0.9357720446669233,0.9422666821759529,12151,655,834,149969,12806,12985,0.013080055910930866,-0.0007921774664383374
0.594,0.285,0.9443799798870581,0.9401617250673855,0.9422661315220746,12208,719,777,149905,12927,12985,0.00421825481967264,-0.0007927281203166103
0.594,0.29,0.9443799798870581,0.9401617250673855,0.9422661315220746,12208,719,777,149905,12927,12985,0.00421825481967264,-0.0007927281203166103
0.664,0.31,0.9482180456991344,0.9363881401617251,0.9422659640421576,12159,664,826,149960,12823,12985,0.011829905537409258,-0.0007928956002336562
0.664,0.315,0.9482180456991344,0.9363881401617251,0.9422659640421576,12159,664,826,149960,12823,12985,0.011829905537409258,-0.0007928956002336562
0.664,0.32,0.9482180456991344,0.9363881401617251,0.9422659640421576,12159,664,826,149960,12823,12985,0.011829905537409258,-0.0007928956002336562
0.564,0.305,0.943137103618548,0.9413939160569889,0.9422647036152009,12224,737,761,149887,12961,12985,0.001743187561559112,-0.0007941560271903514
0.6,0.37,0.9456985493755333,0.9388525221409318,0.9422631009429587,12191,700,794,149924,12891,12985,0.006846027234601482,-0.0007957586994324917
0.594,0.295,0.944448742746615,0.9400847131305352,0.9422616750289464,12207,718,778,149906,12925,12985,0.004364029616079845,-0.0007971846134448013
0.652,0.37,0.9482879650573278,0.9363111282248748,0.9422614895760677,12158,663,827,149961,12821,12985,0.011976836832452986,-0.0007973700663235217
0.666,0.305,0.9482879650573278,0.9363111282248748,0.9422614895760677,12158,663,827,149961,12821,12985,0.011976836832452986,-0.0007973700663235217
0.56,0.33,0.9432054942510997,0.9413169041201386,0.9422602528522972,12223,736,762,149888,12959,12985,0.0018885901309610986,-0.0007986067900940252
0.562,0.33,0.9432054942510997,0.9413169041201386,0.9422602528522972,12223,736,762,149888,12959,12985,0.0018885901309610986,-0.0007986067900940252
0.564,0.31,0.9432054942510997,0.9413169041201386,0.9422602528522972,12223,736,762,149888,12959,12985,0.0018885901309610986,-0.0007986067900940252
0.564,0.315,0.9432054942510997,0.9413169041201386,0.9422602528522972,12223,736,762,149888,12959,12985,0.0018885901309610986,-0.0007986067900940252
0.564,0.32,0.9432054942510997,0.9413169041201386,0.9422602528522972,12223,736,762,149888,12959,12985,0.0018885901309610986,-0.0007986067900940252
0.52,0.37,0.9419687524051412,0.942549095109742,0.942258834398337,12239,754,746,149870,12993,12985,0.0005803427046008336,-0.0008000252440542033
0.6,0.38,0.9457677088990613,0.9387755102040817,0.9422586380149958,12190,699,795,149925,12889,12985,0.006992198694979579,-0.0008002216273954588
0.602,0.37,0.9457677088990613,0.9387755102040817,0.9422586380149958,12190,699,795,149925,12889,12985,0.006992198694979579,-0.0008002216273954588
0.594,0.355,0.9451417945141795,0.9393916056988834,0.9422579274651423,12198,708,787,149916,12906,12985,0.005750188815296098,-0.0008009321772489697
0.652,0.38,0.9483579062329355,0.9362341162880247,0.9422570144163694,12157,662,828,149962,12819,12985,0.012123789944910812,-0.0008018452260217801
0.664,0.33,0.9483579062329355,0.9362341162880247,0.9422570144163694,12157,662,828,149962,12819,12985,0.012123789944910812,-0.0008018452260217801
0.666,0.31,0.9483579062329355,0.9362341162880247,0.9422570144163694,12157,662,828,149962,12819,12985,0.012123789944910812,-0.0008018452260217801
0.666,0.315,0.9483579062329355,0.9362341162880247,0.9422570144163694,12157,662,828,149962,12819,12985,0.012123789944910812,-0.0008018452260217801
0.666,0.32,0.9483579062329355,0.9362341162880247,0.9422570144163694,12157,662,828,149962,12819,12985,0.012123789944910812,-0.0008018452260217801
0.572,0.27,0.9432739059967585,0.9412398921832884,0.94225580140313,12222,735,763,149889,12957,12985,0.0020340138134701258,-0.0008030582392611896
0.52,0.38,0.9420367947040259,0.9424720831728918,0.9422543886664613,12238,753,747,149871,12991,12985,0.0004352884688658687,-0.0008044709759299495
0.602,0.38,0.9458368898890355,0.9386984982672314,0.9422541743970315,12189,698,796,149926,12887,12985,0.007138391621804074,-0.0008046852453597042
0.594,0.305,0.9445863323272192,0.9399306892568348,0.9422527599783834,12205,716,780,149908,12921,12985,0.004655643070384463,-0.0008060996640077978
0.59,0.27,0.9439635183181326,0.9405467847516366,0.9422520541603981,12213,725,772,149899,12938,12985,0.0034167335664960774,-0.0008068054819930781
0.56,0.335,0.9433423388653029,0.9411628802464382,0.9422513492675405,12221,734,764,149890,12955,12985,0.0021794586188647047,-0.0008075103748507173
0.562,0.335,0.9433423388653029,0.9411628802464382,0.9422513492675405,12221,734,764,149890,12955,12985,0.0021794586188647047,-0.0008075103748507173
0.564,0.33,0.9433423388653029,0.9411628802464382,0.9422513492675405,12221,734,764,149890,12955,12985,0.0021794586188647047,-0.0008075103748507173
0.572,0.275,0.9433423388653029,0.9411628802464382,0.9422513492675405,12221,734,764,149890,12955,12985,0.0021794586188647047,-0.0008075103748507173
0.572,0.28,0.9433423388653029,0.9411628802464382,0.9422513492675405,12221,734,764,149890,12955,12985,0.0021794586188647047,-0.0008075103748507173
0.594,0.31,0.9446551590680393,0.9398536773199846,0.94224830142063,12204,715,781,149909,12919,12985,0.004801481748054726,-0.0008105582217612373
0.594,0.315,0.9446551590680393,0.9398536773199846,0.94224830142063,12204,715,781,149909,12919,12985,0.004801481748054726,-0.0008105582217612373
0.594,0.32,0.9446551590680393,0.9398536773199846,0.94224830142063,12204,715,781,149909,12919,12985,0.004801481748054726,-0.0008105582217612373
0.664,0.335,0.9484978540772532,0.9360800924143242,0.9422480620155039,12155,660,830,149964,12815,12985,0.012417761662928961,-0.0008107976268872941
0.666,0.33,0.9484978540772532,0.9360800924143242,0.9422480620155039,12155,660,830,149964,12815,12985,0.012417761662928961,-0.0008107976268872941
0.59,0.275,0.9440321583178726,0.9404697728147863,0.9422475984722811,12212,724,773,149900,12936,12985,0.003562385503086296,-0.0008112611701101002
0.59,0.28,0.9440321583178726,0.9404697728147863,0.9422475984722811,12212,724,773,149900,12936,12985,0.003562385503086296,-0.0008112611701101002
0.592,0.27,0.9440321583178726,0.9404697728147863,0.9422475984722811,12212,724,773,149900,12936,12985,0.003562385503086296,-0.0008112611701101002
0.552,0.37,0.9434107928665174,0.941085868309588,0.9422468964453696,12220,733,765,149891,12953,12985,0.002324924556929453,-0.0008119631970215924
0.554,0.365,0.9434107928665174,0.941085868309588,0.9422468964453696,12220,733,765,149891,12953,12985,0.002324924556929453,-0.0008119631970215924
0.556,0.365,0.9434107928665174,0.941085868309588,0.9422468964453696,12220,733,765,149891,12953,12985,0.002324924556929453,-0.0008119631970215924
0.574,0.27,0.9434107928665174,0.941085868309588,0.9422468964453696,12220,733,765,149891,12953,12985,0.002324924556929453,-0.0008119631970215924
0.566,0.27,0.9427910562837317,0.9417019638043896,0.9422461953380852,12228,742,757,149882,12970,12985,0.0010890924793420798,-0.0008126643043060433
0.596,0.36,0.9453488372093023,0.9391605698883327,0.942244543171721,12195,705,790,149919,12900,12985,0.006188267320969554,-0.0008143164706702066
0.572,0.345,0.9441008195453843,0.9403927608779361,0.9422431420965315,12211,723,774,149901,12934,12985,0.0037080586674481664,-0.0008157175458597399
0.592,0.275,0.9441008195453843,0.9403927608779361,0.9422431420965315,12211,723,774,149901,12934,12985,0.0037080586674481664,-0.0008157175458597399
0.592,0.28,0.9441008195453843,0.9403927608779361,0.9422431420965315,12211,723,774,149901,12934,12985,0.0037080586674481664,-0.0008157175458597399
0.552,0.38,0.9434792680101922,0.9410088563727378,0.942242442936459,12219,732,766,149892,12951,12985,0.0024704116374544283,-0.0008164167059322436
0.56,0.35,0.9434792680101922,0.9410088563727378,0.942242442936459,12219,732,766,149892,12951,12985,0.0024704116374544283,-0.0008164167059322436
0.562,0.35,0.9434792680101922,0.9410088563727378,0.942242442936459,12219,732,766,149892,12951,12985,0.0024704116374544283,-0.0008164167059322436
0.564,0.335,0.9434792680101922,0.9410088563727378,0.942242442936459,12219,732,766,149892,12951,12985,0.0024704116374544283,-0.0008164167059322436
0.574,0.275,0.9434792680101922,0.9410088563727378,0.942242442936459,12219,732,766,149892,12951,12985,0.0024704116374544283,-0.0008164167059322436
0.574,0.28,0.9434792680101922,0.9410088563727378,0.942242442936459,12219,732,766,149892,12951,12985,0.0024704116374544283,-0.0008164167059322436
0.566,0.275,0.942859346082665,0.9416249518675395,0.9422417446923284,12227,741,758,149883,12968,12985,0.0012343942151255005,-0.0008171149500628694
0.566,0.28,0.942859346082665,0.9416249518675395,0.9422417446923284,12227,741,758,149883,12968,12985,0.0012343942151255005,-0.0008171149500628694
0.598,0.365,0.9454178942471702,0.9390835579514825,0.9422400803616274,12194,704,791,149920,12898,12985,0.0063343362956876925,-0.0008187792807637928
0.59,0.345,0.9447928765001936,0.9396996534462841,0.9422393822393823,12202,713,783,149911,12915,12985,0.005093223053909468,-0.0008194774030089169
0.594,0.33,0.9447928765001936,0.9396996534462841,0.9422393822393823,12202,713,783,149911,12915,12985,0.005093223053909468,-0.0008194774030089169
0.664,0.35,0.9486378893138709,0.9359260685406238,0.9422391068382694,12153,658,832,149966,12811,12985,0.012711820773247173,-0.0008197528041218316
0.666,0.335,0.9486378893138709,0.9359260685406238,0.9422391068382694,12153,658,832,149966,12811,12985,0.012711820773247173,-0.0008197528041218316
0.554,0.375,0.943547764306124,0.9409318444358875,0.9422379887406493,12218,731,767,149893,12949,12985,0.0026159198702364606,-0.0008208709017418769
0.556,0.375,0.943547764306124,0.9409318444358875,0.9422379887406493,12218,731,767,149893,12949,12985,0.0026159198702364606,-0.0008208709017418769
0.558,0.36,0.943547764306124,0.9409318444358875,0.9422379887406493,12218,731,767,149893,12949,12985,0.0026159198702364606,-0.0008208709017418769
0.592,0.345,0.9448617672113374,0.939622641509434,0.9422349216155688,12201,712,784,149912,12913,12985,0.005239125701903435,-0.0008239380268224572
0.574,0.345,0.9442382057231246,0.9402387370042357,0.9422342272814972,12209,721,776,149903,12930,12985,0.003999468718888899,-0.0008246323608940287
0.564,0.35,0.9436162817641153,0.9408548324990373,0.9422335338577819,12217,730,768,149894,12947,12985,0.002761449265077931,-0.0008253257846093653
0.566,0.345,0.9436162817641153,0.9408548324990373,0.9422335338577819,12217,730,768,149894,12947,12985,0.002761449265077931,-0.0008253257846093653
0.572,0.3,0.9436162817641153,0.9408548324990373,0.9422335338577819,12217,730,768,149894,12947,12985,0.002761449265077931,-0.0008253257846093653
0.598,0.375,0.9455560725919032,0.938929534077782,0.9422311526720506,12192,702,793,149922,12894,12985,0.006626538514121205,-0.0008277069703406248
0.594,0.335,0.9449306792657424,0.9395456295725837,0.9422304603027495,12200,711,785,149913,12911,12985,0.005385049693158672,-0.0008283993396417388
0.666,0.35,0.948778012024674,0.9357720446669233,0.9422301488833748,12151,656,834,149968,12807,12985,0.013005967357750725,-0.0008287107590164711
0.59,0.3,0.9443069306930693,0.9401617250673855,0.9422297688418939,12208,720,777,149904,12928,12985,0.004145205625683768,-0.0008290908004973119
0.56,0.325,0.9430643419225428,0.9413939160569889,0.9422283886383783,12224,738,761,149886,12962,12985,0.0016704258655539928,-0.0008304710040129004
0.562,0.325,0.9430643419225428,0.9413939160569889,0.9422283886383783,12224,738,761,149886,12962,12985,0.0016704258655539928,-0.0008304710040129004
0.57,0.27,0.9430643419225428,0.9413939160569889,0.9422283886383783,12224,738,761,149886,12962,12985,0.0016704258655539928,-0.0008304710040129004
0.592,0.3,0.9443756769302182,0.9400847131305352,0.9422253097140211,12207,719,778,149905,12926,12985,0.0042909637996829675,-0.0008335499283701475
0.664,0.325,0.9482140071751677,0.9363111282248748,0.9422249777192235,12158,664,827,149960,12822,12985,0.01190287895029285,-0.0008338819231676897
0.574,0.3,0.9437533802055165,0.9407008086253369,0.9422246220302376,12215,728,770,149896,12943,12985,0.003052571580179575,-0.000834237612153621
0.566,0.3,0.9431327160493828,0.9413169041201386,0.9422239352476391,12223,737,762,149887,12960,12985,0.0018158119292441821,-0.000834924394752079
0.57,0.275,0.9431327160493828,0.9413169041201386,0.9422239352476391,12223,737,762,149887,12960,12985,0.0018158119292441821,-0.000834924394752079
0.57,0.28,0.9431327160493828,0.9413169041201386,0.9422239352476391,12223,737,762,149887,12960,12985,0.0018158119292441821,-0.000834924394752079
0.594,0.35,0.9450685674440227,0.9393916056988834,0.9422215356094548,12198,709,787,149915,12907,12985,0.0056769617451393195,-0.0008373240329364595
0.564,0.325,0.9432011112826053,0.9412398921832884,0.9422194811702579,12222,736,763,149888,12958,12985,0.001961219099316902,-0.0008393784721333342
0.572,0.26,0.9432011112826053,0.9412398921832884,0.9422194811702579,12222,736,763,149888,12958,12985,0.001961219099316902,-0.0008393784721333342
0.572,0.265,0.9432011112826053,0.9412398921832884,0.9422194811702579,12222,736,763,149888,12958,12985,0.001961219099316902,-0.0008393784721333342
0.666,0.325,0.9483538773599626,0.9361571043511744,0.9422160213928612,12156,662,829,149962,12818,12985,0.012196773008788186,-0.0008428382495300202
0.57,0.345,0.9438905634129376,0.9405467847516366,0.9422157074525537,12213,726,772,149898,12939,12985,0.003343778661301089,-0.0008431521898375482
0.59,0.26,0.9438905634129376,0.9405467847516366,0.9422157074525537,12213,726,772,149898,12939,12985,0.003343778661301089,-0.0008431521898375482
0.59,0.265,0.9438905634129376,0.9405467847516366,0.9422157074525537,12213,726,772,149898,12939,12985,0.003343778661301089,-0.0008431521898375482
0.592,0.26,0.9439591868284765,0.9404697728147863,0.9422112491320114,12212,725,773,149899,12937,12985,0.003489414013690184,-0.0008476105103798481
0.592,0.265,0.9439591868284765,0.9404697728147863,0.9422112491320114,12212,725,773,149899,12937,12985,0.003489414013690184,-0.0008476105103798481
0.574,0.26,0.9433379651073027,0.941085868309588,0.9422105709549328,12220,734,765,149890,12954,12985,0.0022520967977147643,-0.0008482886874584539
0.574,0.265,0.9433379651073027,0.941085868309588,0.9422105709549328,12220,734,765,149890,12954,12985,0.0022520967977147643,-0.0008482886874584539
0.566,0.26,0.9427183717523707,0.9417019638043896,0.9422098936662043,12228,743,757,149881,12971,12985,0.0010164079479810795,-0.0008489659761868884
0.566,0.265,0.9427183717523707,0.9417019638043896,0.9422098936662043,12228,743,757,149881,12971,12985,0.0010164079479810795,-0.0008489659761868884
0.594,0.325,0.944650874748413,0.9397766653831344,0.9422074663166428,12203,715,782,149909,12918,12985,0.004874209365278603,-0.0008513933257484618
0.572,0.34,0.9440278314650173,0.9403927608779361,0.9422067901234568,12211,724,774,149900,12935,12985,0.003635070587081235,-0.0008520695189344618
0.57,0.3,0.9434064237183447,0.9410088563727378,0.9422061148166712,12219,733,766,149891,12952,12985,0.0023975673456069213,-0.0008527448257200643
0.572,0.285,0.9434064237183447,0.9410088563727378,0.9422061148166712,12219,733,766,149891,12952,12985,0.0023975673456069213,-0.0008527448257200643
0.572,0.29,0.9434064237183447,0.9410088563727378,0.9422061148166712,12219,733,766,149891,12952,12985,0.0023975673456069213,-0.0008527448257200643
0.596,0.365,0.9453446003566168,0.9390835579514825,0.9422036779477669,12194,705,791,149919,12899,12985,0.006261042405134365,-0.0008551816946242852
0.59,0.34,0.9447197274698049,0.9396996534462841,0.9422030037450291,12202,714,783,149910,12916,12985,0.005020074023520782,-0.0008558558973621455
0.59,0.285,0.9440964973324055,0.9403157489410858,0.9422023304267305,12210,723,775,149901,12933,12985,0.0037807483913196993,-0.0008565292156607063
0.59,0.29,0.9440964973324055,0.9403157489410858,0.9422023304267305,12210,723,775,149901,12933,12985,0.0037807483913196993,-0.0008565292156607063
0.554,0.37,0.9434749034749035,0.9409318444358875,0.9422016579911316,12218,732,767,149892,12950,12985,0.0025430590390159713,-0.0008572016512595759
0.556,0.37,0.9434749034749035,0.9409318444358875,0.9422016579911316,12218,732,767,149892,12950,12985,0.0025430590390159713,-0.0008572016512595759
0.572,0.295,0.9434749034749035,0.9409318444358875,0.9422016579911316,12218,732,767,149892,12950,12985,0.0025430590390159713,-0.0008572016512595759
0.592,0.34,0.9447886015177327,0.939622641509434,0.9421985404841886,12201,713,784,149911,12914,12985,0.00516596000829872,-0.000860319158202616
0.572,0.355,0.9441651844404918,0.9402387370042357,0.942197870041673,12209,722,776,149902,12931,12985,0.003926447436256142,-0.0008609896007182316
0.574,0.34,0.9441651844404918,0.9402387370042357,0.942197870041673,12209,722,776,149902,12931,12985,0.003926447436256142,-0.0008609896007182316
0.59,0.295,0.9441651844404918,0.9402387370042357,0.942197870041673,12209,722,776,149902,12931,12985,0.003926447436256142,-0.0008609896007182316
0.592,0.285,0.9441651844404918,0.9402387370042357,0.942197870041673,12209,722,776,149902,12931,12985,0.003926447436256142,-0.0008609896007182316
0.592,0.29,0.9441651844404918,0.9402387370042357,0.942197870041673,12209,722,776,149902,12931,12985,0.003926447436256142,-0.0008609896007182316
0.554,0.38,0.9435434043867779,0.9408548324990373,0.9421972004781553,12217,731,768,149893,12948,12985,0.0026885718877405207,-0.0008616591642359728
0.556,0.38,0.9435434043867779,0.9408548324990373,0.9421972004781553,12217,731,768,149893,12948,12985,0.0026885718877405207,-0.0008616591642359728
0.558,0.365,0.9435434043867779,0.9408548324990373,0.9421972004781553,12217,731,768,149893,12948,12985,0.0026885718877405207,-0.0008616591642359728
0.56,0.36,0.9435434043867779,0.9408548324990373,0.9421972004781553,12217,731,768,149893,12948,12985,0.0026885718877405207,-0.0008616591642359728
0.562,0.36,0.9435434043867779,0.9408548324990373,0.9421972004781553,12217,731,768,149893,12948,12985,0.0026885718877405207,-0.0008616591642359728
0.566,0.34,0.9435434043867779,0.9408548324990373,0.9421972004781553,12217,731,768,149893,12948,12985,0.0026885718877405207,-0.0008616591642359728
0.574,0.285,0.9435434043867779,0.9408548324990373,0.9421972004781553,12217,731,768,149893,12948,12985,0.0026885718877405207,-0.0008616591642359728
0.574,0.29,0.9435434043867779,0.9408548324990373,0.9421972004781553,12217,731,768,149893,12948,12985,0.0026885718877405207,-0.0008616591642359728
0.566,0.285,0.9429232549170845,0.941470927993839,0.9421965317919074,12225,740,760,149884,12965,12985,0.0014523269232454838,-0.0008623278504837906
0.566,0.29,0.9429232549170845,0.941470927993839,0.9421965317919074,12225,740,760,149884,12965,12985,0.0014523269232454838,-0.0008623278504837906
0.596,0.375,0.9454827452500969,0.938929534077782,0.9421947449768161,12192,703,793,149921,12895,12985,0.006553211172314888,-0.000864114665575122
0.598,0.37,0.9454827452500969,0.938929534077782,0.9421947449768161,12192,703,793,149921,12895,12985,0.006553211172314888,-0.000864114665575122
0.59,0.355,0.9448574969021065,0.9395456295725837,0.9421940765339614,12200,712,785,149912,12912,12985,0.005311867329522824,-0.0008647831084298563
0.664,0.36,0.9487039350405996,0.9357720446669233,0.9421936184236033,12151,657,834,149967,12808,12985,0.012931890373676258,-0.0008652412187879488
0.592,0.295,0.9442338927991337,0.9401617250673855,0.9421934089681253,12208,721,777,149903,12929,12985,0.004072167731748233,-0.0008654506742659107
0.572,0.305,0.9436119264637726,0.9407778205621872,0.9421927422775828,12216,730,769,149894,12946,12985,0.002834105901585393,-0.0008661173648084608
0.574,0.295,0.9436119264637726,0.9407778205621872,0.9421927422775828,12216,730,769,149894,12946,12985,0.002834105901585393,-0.0008661173648084608
0.582,0.27,0.9436119264637726,0.9407778205621872,0.9421927422775828,12216,730,769,149894,12946,12985,0.002834105901585393,-0.0008661173648084608
0.566,0.295,0.9429915914525958,0.9413939160569889,0.9421920764606136,12224,739,761,149885,12963,12985,0.0015976753956069567,-0.0008667831817775751
0.568,0.27,0.9429915914525958,0.9413939160569889,0.9421920764606136,12224,739,761,149885,12963,12985,0.0015976753956069567,-0.0008667831817775751
0.57,0.26,0.9429915914525958,0.9413939160569889,0.9421920764606136,12224,739,761,149885,12963,12985,0.0015976753956069567,-0.0008667831817775751
0.57,0.265,0.9429915914525958,0.9413939160569889,0.9421920764606136,12224,739,761,149885,12963,12985,0.0015976753956069567,-0.0008667831817775751
0.598,0.38,0.9455518498409989,0.9388525221409318,0.9421902774557539,12191,702,794,149922,12893,12985,0.0066993277000670926,-0.0008685821866373233
0.592,0.355,0.9449264136328428,0.9394686176357335,0.9421896118941882,12199,711,786,149913,12910,12985,0.0054577959971092715,-0.0008692477482030725
0.574,0.355,0.9443026224181945,0.9400847131305352,0.9421889472059277,12207,720,778,149904,12927,12985,0.004217909287659305,-0.0008699124364635047
0.59,0.305,0.9443026224181945,0.9400847131305352,0.9421889472059277,12207,720,778,149904,12927,12985,0.004217909287659305,-0.0008699124364635047
0.558,0.375,0.9436804697156984,0.9407008086253369,0.9421882833892552,12215,729,770,149895,12944,12985,0.0029796610903615184,-0.0008705762531360239
0.564,0.36,0.9436804697156984,0.9407008086253369,0.9421882833892552,12215,729,770,149895,12944,12985,0.0029796610903615184,-0.0008705762531360239
0.566,0.355,0.9436804697156984,0.9407008086253369,0.9421882833892552,12215,729,770,149895,12944,12985,0.0029796610903615184,-0.0008705762531360239
0.572,0.31,0.9436804697156984,0.9407008086253369,0.9421882833892552,12215,729,770,149895,12944,12985,0.0029796610903615184,-0.0008705762531360239
0.572,0.315,0.9436804697156984,0.9407008086253369,0.9421882833892552,12215,729,770,149895,12944,12985,0.0029796610903615184,-0.0008705762531360239
0.572,0.32,0.9436804697156984,0.9407008086253369,0.9421882833892552,12215,729,770,149895,12944,12985,0.0029796610903615184,-0.0008705762531360239
0.582,0.275,0.9436804697156984,0.9407008086253369,0.9421882833892552,12215,729,770,149895,12944,12985,0.0029796610903615184,-0.0008705762531360239
0.582,0.28,0.9436804697156984,0.9407008086253369,0.9421882833892552,12215,729,770,149895,12944,12985,0.0029796610903615184,-0.0008705762531360239
0.584,0.27,0.9436804697156984,0.9407008086253369,0.9421882833892552,12215,729,770,149895,12944,12985,0.0029796610903615184,-0.0008705762531360239
0.568,0.275,0.9430599490780033,0.9413169041201386,0.9421876204424573,12223,738,762,149886,12961,12985,0.0017430449578647034,-0.0008712391999339264
0.568,0.28,0.9430599490780033,0.9413169041201386,0.9421876204424573,12223,738,762,149886,12961,12985,0.0017430449578647034,-0.0008712391999339264
0.666,0.36,0.9488441112152453,0.935618020793223,0.942184652371166,12149,655,836,149969,12804,12985,0.013226090422022274,-0.0008742072712252247
0.59,0.31,0.9443713733075435,0.940007701193685,0.9421844847549209,12206,719,779,149905,12925,12985,0.004363672113858463,-0.0008743748874703305
0.59,0.315,0.9443713733075435,0.940007701193685,0.9421844847549209,12206,719,779,149905,12925,12985,0.004363672113858463,-0.0008743748874703305
0.59,0.32,0.9443713733075435,0.940007701193685,0.9421844847549209,12206,719,779,149905,12925,12985,0.004363672113858463,-0.0008743748874703305
0.592,0.305,0.9443713733075435,0.940007701193685,0.9421844847549209,12206,719,779,149905,12925,12985,0.004363672113858463,-0.0008743748874703305
0.574,0.305,0.9437490341523721,0.9406237966884867,0.9421838238130135,12214,728,771,149896,12942,12985,0.0031252374638853775,-0.0008750358293777571
0.584,0.275,0.9437490341523721,0.9406237966884867,0.9421838238130135,12214,728,771,149896,12942,12985,0.0031252374638853775,-0.0008750358293777571
0.584,0.28,0.9437490341523721,0.9406237966884867,0.9421838238130135,12214,728,771,149896,12942,12985,0.0031252374638853775,-0.0008750358293777571
0.566,0.305,0.9431283278030712,0.9412398921832884,0.9421831637372803,12222,737,763,149887,12959,12985,0.0018884356197828023,-0.0008756959051109403
0.582,0.345,0.9444401454770565,0.9399306892568348,0.9421800216149452,12205,718,780,149906,12923,12985,0.004509456220221697,-0.0008788380274460383
0.592,0.31,0.9444401454770565,0.9399306892568348,0.9421800216149452,12205,718,780,149906,12923,12985,0.004509456220221697,-0.0008788380274460383
0.592,0.315,0.9444401454770565,0.9399306892568348,0.9421800216149452,12205,718,780,149906,12923,12985,0.004509456220221697,-0.0008788380274460383
0.592,0.32,0.9444401454770565,0.9399306892568348,0.9421800216149452,12205,718,780,149906,12923,12985,0.004509456220221697,-0.0008788380274460383
0.568,0.345,0.9438176197836167,0.9405467847516366,0.9421793635486981,12213,727,772,149897,12940,12985,0.0032708350319801127,-0.0008794960936930885
0.57,0.34,0.9438176197836167,0.9405467847516366,0.9421793635486981,12213,727,772,149897,12940,12985,0.0032708350319801127,-0.0008794960936930885
0.572,0.33,0.9438176197836167,0.9405467847516366,0.9421793635486981,12213,727,772,149897,12940,12985,0.0032708350319801127,-0.0008794960936930885
0.574,0.31,0.9438176197836167,0.9405467847516366,0.9421793635486981,12213,727,772,149897,12940,12985,0.0032708350319801127,-0.0008794960936930885
0.574,0.315,0.9438176197836167,0.9405467847516366,0.9421793635486981,12213,727,772,149897,12940,12985,0.0032708350319801127,-0.0008794960936930885
0.574,0.32,0.9438176197836167,0.9405467847516366,0.9421793635486981,12213,727,772,149897,12940,12985,0.0032708350319801127,-0.0008794960936930885
0.566,0.31,0.9431967276375705,0.9411628802464382,0.9421787063449233,12221,736,764,149888,12957,12985,0.0020338473911322152,-0.0008801532974679338
0.566,0.315,0.9431967276375705,0.9411628802464382,0.9421787063449233,12221,736,764,149888,12957,12985,0.0020338473911322152,-0.0008801532974679338
0.566,0.32,0.9431967276375705,0.9411628802464382,0.9421787063449233,12221,736,764,149888,12957,12985,0.0020338473911322152,-0.0008801532974679338
0.57,0.285,0.9431967276375705,0.9411628802464382,0.9421787063449233,12221,736,764,149888,12957,12985,0.0020338473911322152,-0.0008801532974679338
0.57,0.29,0.9431967276375705,0.9411628802464382,0.9421787063449233,12221,736,764,149888,12957,12985,0.0020338473911322152,-0.0008801532974679338
0.594,0.36,0.9451332920024799,0.9392375818251829,0.9421762138359921,12196,708,789,149916,12904,12985,0.005895710177296953,-0.0008826458063990739
0.584,0.345,0.9445089389366148,0.9398536773199846,0.9421755577858411,12204,717,781,149907,12921,12985,0.004655261616630213,-0.0008833018565501671
0.59,0.33,0.9445089389366148,0.9398536773199846,0.9421755577858411,12204,717,781,149907,12921,12985,0.004655261616630213,-0.0008833018565501671
0.57,0.295,0.9432651485912775,0.941085868309588,0.9421742482652274,12220,735,765,149889,12955,12985,0.0021792802816895662,-0.0008846113771637798
0.592,0.33,0.9445777536961065,0.9397766653831344,0.9421710932674491,12203,716,782,149908,12919,12985,0.004801088312972102,-0.0008877663749421449
0.57,0.355,0.9439548546691404,0.9403927608779361,0.9421704409552102,12211,725,774,149899,12936,12985,0.0035620937912043127,-0.0008884186871810362
0.572,0.335,0.9439548546691404,0.9403927608779361,0.9421704409552102,12211,725,774,149899,12936,12985,0.0035620937912043127,-0.0008884186871810362
0.574,0.33,0.9439548546691404,0.9403927608779361,0.9421704409552102,12211,725,774,149899,12936,12985,0.0035620937912043127,-0.0008884186871810362
0.582,0.3,0.9439548546691404,0.9403927608779361,0.9421704409552102,12211,725,774,149899,12936,12985,0.0035620937912043127,-0.0008884186871810362
0.566,0.33,0.9433335906739752,0.9410088563727378,0.9421697894980338,12219,734,766,149890,12953,12985,0.0023247343012373634,-0.0008890701443574622
0.568,0.3,0.9433335906739752,0.9410088563727378,0.9421697894980338,12219,734,766,149890,12953,12985,0.0023247343012373634,-0.0008890701443574622
0.59,0.335,0.9446465897654254,0.9396996534462841,0.9421666280596092,12202,715,783,149909,12917,12985,0.004946936319141226,-0.0008922315827820659
0.584,0.3,0.9440235039430958,0.9403157489410858,0.9421659786257185,12210,724,775,149900,12934,12985,0.003707755002009927,-0.0008928810166727308
0.57,0.305,0.9434020538954521,0.9409318444358875,0.9421653300431833,12218,733,767,149891,12951,12985,0.002470209459564554,-0.000893529599207965
0.592,0.335,0.9447154471544715,0.939622641509434,0.9421621621621621,12201,714,784,149910,12915,12985,0.005092805645037557,-0.0008966974802291361
0.572,0.35,0.9440921744509744,0.9402387370042357,0.9421615156075164,12209,723,776,149901,12932,12985,0.0038534374467387167,-0.0008973440348748474
0.574,0.335,0.9440921744509744,0.9402387370042357,0.9421615156075164,12209,723,776,149901,12932,12985,0.0038534374467387167,-0.0008973440348748474
0.566,0.335,0.9434705382655031,0.9408548324990373,0.9421608699005166,12217,732,768,149892,12949,12985,0.002615705766465748,-0.0008979897418746052
0.57,0.31,0.9434705382655031,0.9408548324990373,0.9421608699005166,12217,732,768,149892,12949,12985,0.002615705766465748,-0.0008979897418746052
0.57,0.315,0.9434705382655031,0.9408548324990373,0.9421608699005166,12217,732,768,149892,12949,12985,0.002615705766465748,-0.0008979897418746052
0.57,0.32,0.9434705382655031,0.9408548324990373,0.9421608699005166,12217,732,768,149892,12949,12985,0.002615705766465748,-0.0008979897418746052
0.596,0.37,0.9454094292803971,0.938929534077782,0.9421583400950504,12192,704,793,149920,12896,12985,0.006479895202615049,-0.0009005195473408278
0.59,0.35,0.9447843258731511,0.9395456295725837,0.9421576955749479,12200,713,785,149911,12913,12985,0.0052386963005673914,-0.0009011640674433385
0.56,0.365,0.943539043793929,0.9407778205621872,0.9421564090698751,12216,731,769,149893,12947,12985,0.0027612232317418828,-0.0009024505725161447
0.562,0.365,0.943539043793929,0.9407778205621872,0.9421564090698751,12216,731,769,149893,12947,12985,0.0027612232317418828,-0.0009024505725161447
0.582,0.26,0.943539043793929,0.9407778205621872,0.9421564090698751,12216,731,769,149893,12947,12985,0.0027612232317418828,-0.0009024505725161447
0.582,0.265,0.943539043793929,0.9407778205621872,0.9421564090698751,12216,731,769,149893,12947,12985,0.0027612232317418828,-0.0009024505725161447
0.568,0.26,0.9429188522061093,0.9413939160569889,0.9421557670815832,12224,740,761,149884,12964,12985,0.001524936149120415,-0.0009030925608080054
0.568,0.265,0.9429188522061093,0.9413939160569889,0.9421557670815832,12224,740,761,149884,12964,12985,0.001524936149120415,-0.0009030925608080054
0.596,0.38,0.945478517139755,0.9388525221409318,0.9421538699331504,12191,703,794,149921,12894,12985,0.006625994998823104,-0.0009049897092407999
0.592,0.35,0.9448532259313763,0.9394686176357335,0.9421532282978067,12199,712,786,149912,12911,12985,0.005384608295642801,-0.0009056313445845454
0.664,0.365,0.9486999297259311,0.9356950327300732,0.9421526054590571,12150,657,835,149967,12807,12985,0.01300489699585794,-0.0009062541833341209
0.574,0.35,0.9442295792079208,0.9400847131305352,0.9421525875043415,12207,721,778,149903,12928,12985,0.004144866077385623,-0.0009062721380497241
0.558,0.37,0.9436075704905369,0.9407008086253369,0.9421519475510991,12215,730,770,149894,12945,12985,0.0029067618652000027,-0.0009069120912921225
0.566,0.35,0.9436075704905369,0.9407008086253369,0.9421519475510991,12215,730,770,149894,12945,12985,0.0029067618652000027,-0.0009069120912921225
0.57,0.33,0.9436075704905369,0.9407008086253369,0.9421519475510991,12215,730,770,149894,12945,12985,0.0029067618652000027,-0.0009069120912921225
0.584,0.26,0.9436075704905369,0.9407008086253369,0.9421519475510991,12215,730,770,149894,12945,12985,0.0029067618652000027,-0.0009069120912921225
0.584,0.265,0.9436075704905369,0.9407008086253369,0.9421519475510991,12215,730,770,149894,12945,12985,0.0029067618652000027,-0.0009069120912921225
0.558,0.38,0.9436761183651394,0.9406237966884867,0.9421474853440297,12214,729,771,149895,12943,12985,0.003052321676652703,-0.0009113742983615225
0.56,0.375,0.9436761183651394,0.9406237966884867,0.9421474853440297,12214,729,771,149895,12943,12985,0.003052321676652703,-0.0009113742983615225
0.562,0.375,0.9436761183651394,0.9406237966884867,0.9421474853440297,12214,729,771,149895,12943,12985,0.003052321676652703,-0.0009113742983615225
0.564,0.365,0.9436761183651394,0.9406237966884867,0.9421474853440297,12214,729,771,149895,12943,12985,0.003052321676652703,-0.0009113742983615225
0.572,0.325,0.9436761183651394,0.9406237966884867,0.9421474853440297,12214,729,771,149895,12943,12985,0.003052321676652703,-0.0009113742983615225
0.582,0.34,0.9443670690188796,0.9399306892568348,0.9421436566444092,12205,719,780,149905,12924,12985,0.0044363797620448064,-0.0009152029979819787
0.59,0.325,0.9443670690188796,0.9399306892568348,0.9421436566444092,12205,719,780,149905,12924,12985,0.0044363797620448064,-0.0009152029979819787
0.664,0.375,0.9488401155979067,0.9355410088563727,0.9421436326973786,12148,655,837,149969,12803,12985,0.013299106741534006,-0.0009152269450126704
0.666,0.365,0.9488401155979067,0.9355410088563727,0.9421436326973786,12148,655,837,149969,12803,12985,0.013299106741534006,-0.0009152269450126704
0.568,0.34,0.9437446874275558,0.9405467847516366,0.9421430224485073,12213,728,772,149896,12941,12985,0.0031979026759192397,-0.0009158371938838838
0.57,0.335,0.9437446874275558,0.9405467847516366,0.9421430224485073,12213,728,772,149896,12941,12985,0.0031979026759192397,-0.0009158371938838838
0.582,0.285,0.9437446874275558,0.9405467847516366,0.9421430224485073,12213,728,772,149896,12941,12985,0.0031979026759192397,-0.0009158371938838838
0.582,0.29,0.9437446874275558,0.9405467847516366,0.9421430224485073,12213,728,772,149896,12941,12985,0.0031979026759192397,-0.0009158371938838838
0.568,0.285,0.9431239388794567,0.9411628802464382,0.9421423890837605,12221,737,764,149887,12958,12985,0.001961058633018431,-0.0009164705586307553
0.568,0.29,0.9431239388794567,0.9411628802464382,0.9421423890837605,12221,737,764,149887,12958,12985,0.001961058633018431,-0.0009164705586307553
0.584,0.34,0.9444358458442965,0.9398536773199846,0.9421391901802602,12204,718,781,149906,12922,12985,0.004582168524311925,-0.0009196694621310675
0.592,0.325,0.9444358458442965,0.9398536773199846,0.9421391901802602,12204,718,781,149906,12922,12985,0.004582168524311925,-0.0009196694621310675
0.564,0.375,0.9438132776876111,0.9404697728147863,0.9421385588643729,12212,727,773,149897,12939,12985,0.003343504872824865,-0.0009203007780183015
0.574,0.325,0.9438132776876111,0.9404697728147863,0.9421385588643729,12212,727,773,149897,12939,12985,0.003343504872824865,-0.0009203007780183015
0.582,0.295,0.9438132776876111,0.9404697728147863,0.9421385588643729,12212,727,773,149897,12939,12985,0.003343504872824865,-0.0009203007780183015
0.584,0.285,0.9438132776876111,0.9404697728147863,0.9421385588643729,12212,727,773,149897,12939,12985,0.003343504872824865,-0.0009203007780183015
0.584,0.29,0.9438132776876111,0.9404697728147863,0.9421385588643729,12212,727,773,149897,12939,12985,0.003343504872824865,-0.0009203007780183015
0.566,0.325,0.9431923433158382,0.941085868309588,0.9421379283759299,12220,736,765,149888,12956,12985,0.0021064750062502746,-0.0009209312664613112
0.568,0.295,0.9431923433158382,0.941085868309588,0.9421379283759299,12220,736,765,149888,12956,12985,0.0021064750062502746,-0.0009209312664613112
0.594,0.365,0.9451290397581957,0.9391605698883327,0.9421353522867738,12195,708,790,149916,12903,12985,0.005968469869862991,-0.0009235073556174145
0.582,0.355,0.9445046439628483,0.9397766653831344,0.9421347230264427,12203,717,782,149907,12920,12985,0.004727978579713854,-0.0009241366159484787
0.666,0.375,0.9489803890928978,0.9353869849826724,0.942134657151722,12146,653,839,149971,12799,12985,0.013593404110225471,-0.0009242024906692681
0.568,0.355,0.9438818891551364,0.9403927608779361,0.9421340945914667,12211,726,774,149898,12937,12985,0.0034891282772002707,-0.0009247650509245364
0.57,0.35,0.9438818891551364,0.9403927608779361,0.9421340945914667,12211,726,774,149898,12937,12985,0.0034891282772002707,-0.0009247650509245364
0.584,0.295,0.9438818891551364,0.9403927608779361,0.9421340945914667,12211,726,774,149898,12937,12985,0.0034891282772002707,-0.0009247650509245364
0.584,0.355,0.9445734633844248,0.9396996534462841,0.9421302551827974,12202,716,783,149908,12918,12985,0.004873809938140683,-0.0009286044595938625
0.582,0.305,0.9439505218399691,0.9403157489410858,0.9421296296296297,12210,725,775,149899,12935,12985,0.003634772898883254,-0.0009292300127615727
0.568,0.305,0.9433292155651637,0.9409318444358875,0.94212900489648,12218,734,767,149890,12952,12985,0.0023973711292761823,-0.0009298547459112294
0.594,0.375,0.9452670749670518,0.9390065460146323,0.9421264101375366,12193,706,792,149918,12899,12985,0.006260528952419464,-0.0009324495048546044
0.582,0.31,0.9440191757519524,0.9402387370042357,0.942125163978702,12209,724,776,149900,12933,12985,0.003780438747716719,-0.0009336956636891713
0.582,0.315,0.9440191757519524,0.9402387370042357,0.942125163978702,12209,724,776,149900,12933,12985,0.003780438747716719,-0.0009336956636891713
0.582,0.32,0.9440191757519524,0.9402387370042357,0.942125163978702,12209,724,776,149900,12933,12985,0.003780438747716719,-0.0009336956636891713
0.584,0.305,0.9440191757519524,0.9402387370042357,0.942125163978702,12209,724,776,149900,12933,12985,0.003780438747716719,-0.0009336956636891713
0.568,0.31,0.9433976833976834,0.9408548324990373,0.9421245421245421,12217,733,768,149891,12950,12985,0.002542850898646032,-0.0009343175178491148
0.568,0.315,0.9433976833976834,0.9408548324990373,0.9421245421245421,12217,733,768,149891,12950,12985,0.002542850898646032,-0.0009343175178491148
0.568,0.32,0.9433976833976834,0.9408548324990373,0.9421245421245421,12217,733,768,149891,12950,12985,0.002542850898646032,-0.0009343175178491148
0.584,0.31,0.9440878509009357,0.9401617250673855,0.9421206976385245,12208,723,777,149901,12931,12985,0.003926125833550231,-0.0009381620038667604
0.584,0.315,0.9440878509009357,0.9401617250673855,0.9421206976385245,12208,723,777,149901,12931,12985,0.003926125833550231,-0.0009381620038667604
0.584,0.32,0.9440878509009357,0.9401617250673855,0.9421206976385245,12208,723,777,149901,12931,12985,0.003926125833550231,-0.0009381620038667604
0.57,0.325,0.943466172381835,0.9407778205621872,0.9421200786642502,12216,732,769,149892,12948,12985,0.002688351819647883,-0.0009387809781410406
0.576,0.27,0.943466172381835,0.9407778205621872,0.9421200786642502,12216,732,769,149892,12948,12985,0.002688351819647883,-0.0009387809781410406
0.578,0.27,0.943466172381835,0.9407778205621872,0.9421200786642502,12216,732,769,149892,12948,12985,0.002688351819647883,-0.0009387809781410406
0.58,0.27,0.943466172381835,0.9407778205621872,0.9421200786642502,12216,732,769,149892,12948,12985,0.002688351819647883,-0.0009387809781410406
0.668,0.27,0.9479223512902472,0.9363881401617251,0.9421199442119945,12159,668,826,149956,12827,12985,0.011534211128522043,-0.0009389154303967029
0.572,0.36,0.9441565472967747,0.9400847131305352,0.9421162306089373,12207,722,778,149902,12929,12985,0.004071834166239463,-0.0009426290334538789
0.582,0.33,0.9441565472967747,0.9400847131305352,0.9421162306089373,12207,722,778,149902,12929,12985,0.004071834166239463,-0.0009426290334538789
0.568,0.33,0.9435346825274216,0.9407008086253369,0.9421156145154449,12215,731,770,149893,12946,12985,0.0028338739020846715,-0.0009432451269463238
0.576,0.275,0.9435346825274216,0.9407008086253369,0.9421156145154449,12215,731,770,149893,12946,12985,0.0028338739020846715,-0.0009432451269463238
0.576,0.28,0.9435346825274216,0.9407008086253369,0.9421156145154449,12215,731,770,149893,12946,12985,0.0028338739020846715,-0.0009432451269463238
0.578,0.275,0.9435346825274216,0.9407008086253369,0.9421156145154449,12215,731,770,149893,12946,12985,0.0028338739020846715,-0.0009432451269463238
0.578,0.28,0.9435346825274216,0.9407008086253369,0.9421156145154449,12215,731,770,149893,12946,12985,0.0028338739020846715,-0.0009432451269463238
0.58,0.275,0.9435346825274216,0.9407008086253369,0.9421156145154449,12215,731,770,149893,12946,12985,0.0028338739020846715,-0.0009432451269463238
0.58,0.28,0.9435346825274216,0.9407008086253369,0.9421156145154449,12215,731,770,149893,12946,12985,0.0028338739020846715,-0.0009432451269463238
0.668,0.275,0.9479922027290448,0.9363111282248748,0.9421154591243704,12158,667,827,149957,12825,12985,0.011681074504169997,-0.0009434005180207761
0.668,0.28,0.9479922027290448,0.9363111282248748,0.9421154591243704,12158,667,827,149957,12825,12985,0.011681074504169997,-0.0009434005180207761
0.59,0.36,0.9448489542989931,0.9393916056988834,0.9421123769067388,12198,712,787,149912,12910,12985,0.005457348600109713,-0.0009464827356524541
0.584,0.33,0.9442252649493309,0.940007701193685,0.9421117628897808,12206,721,779,149903,12927,12985,0.004217563755645859,-0.000947096752610399
0.56,0.37,0.9436032138442522,0.9406237966884867,0.9421111496779668,12214,730,771,149894,12944,12985,0.0029794171557654403,-0.0009477099644243925
0.562,0.37,0.9436032138442522,0.9406237966884867,0.9421111496779668,12214,730,771,149894,12944,12985,0.0029794171557654403,-0.0009477099644243925
0.592,0.36,0.9449178803842578,0.9393145937620331,0.9421079056115552,12197,711,788,149913,12908,12985,0.005603286622224757,-0.0009509540308360043
0.574,0.36,0.944294003868472,0.9399306892568348,0.9421072944808954,12205,720,780,149904,12925,12985,0.004363314611637192,-0.0009515651614958598
0.576,0.345,0.944294003868472,0.9399306892568348,0.9421072944808954,12205,720,780,149904,12925,12985,0.004363314611637192,-0.0009515651614958598
0.578,0.345,0.944294003868472,0.9399306892568348,0.9421072944808954,12205,720,780,149904,12925,12985,0.004363314611637192,-0.0009515651614958598
0.58,0.345,0.944294003868472,0.9399306892568348,0.9421072944808954,12205,720,780,149904,12925,12985,0.004363314611637192,-0.0009515651614958598
0.582,0.335,0.944294003868472,0.9399306892568348,0.9421072944808954,12205,720,780,149904,12925,12985,0.004363314611637192,-0.0009515651614958598
0.664,0.37,0.9487660106216808,0.9355410088563727,0.9421070999263251,12148,656,837,149968,12804,12985,0.013225001765308053,-0.0009517597160660918
0.668,0.345,0.9487660106216808,0.9355410088563727,0.9421070999263251,12148,656,837,149968,12804,12985,0.013225001765308053,-0.0009517597160660918
0.56,0.38,0.9436717663421419,0.9405467847516366,0.9421066841516567,12213,729,772,149895,12942,12985,0.003124981590505338,-0.0009521754907345636
0.562,0.38,0.9436717663421419,0.9405467847516366,0.9421066841516567,12213,729,772,149895,12942,12985,0.003124981590505338,-0.0009521754907345636
0.566,0.36,0.9436717663421419,0.9405467847516366,0.9421066841516567,12213,729,772,149895,12942,12985,0.003124981590505338,-0.0009521754907345636
0.568,0.335,0.9436717663421419,0.9405467847516366,0.9421066841516567,12213,729,772,149895,12942,12985,0.003124981590505338,-0.0009521754907345636
0.586,0.27,0.9436717663421419,0.9405467847516366,0.9421066841516567,12213,729,772,149895,12942,12985,0.003124981590505338,-0.0009521754907345636
0.588,0.27,0.9436717663421419,0.9405467847516366,0.9421066841516567,12213,729,772,149895,12942,12985,0.003124981590505338,-0.0009521754907345636
0.584,0.335,0.9443627640640718,0.9398536773199846,0.9421028253821214,12204,719,781,149905,12923,12985,0.004509086744087232,-0.0009560342602698002
0.664,0.38,0.9488361193563506,0.9354639969195225,0.9421026098421685,12147,655,838,149969,12802,12985,0.01337212243682806,-0.000956249800222686
0.564,0.37,0.9437403400309119,0.9404697728147863,0.942102217936355,12212,728,773,149896,12940,12985,0.0032705672161256194,-0.0009566417060362653
0.586,0.275,0.9437403400309119,0.9404697728147863,0.942102217936355,12212,728,773,149896,12940,12985,0.0032705672161256194,-0.0009566417060362653
0.586,0.28,0.9437403400309119,0.9404697728147863,0.942102217936355,12212,728,773,149896,12940,12985,0.0032705672161256194,-0.0009566417060362653
0.588,0.275,0.9437403400309119,0.9404697728147863,0.942102217936355,12212,728,773,149896,12940,12985,0.0032705672161256194,-0.0009566417060362653
0.588,0.28,0.9437403400309119,0.9404697728147863,0.942102217936355,12212,728,773,149896,12940,12985,0.0032705672161256194,-0.0009566417060362653
0.582,0.35,0.9444315455460104,0.9397766653831344,0.9420983555932988,12203,718,782,149906,12921,12985,0.004654880162875963,-0.0009605040490924255
0.666,0.37,0.94890625,0.9353869849826724,0.9420981190614698,12146,654,839,149970,12800,12985,0.013519265017327586,-0.0009607405809214375
0.564,0.38,0.9438089349203895,0.9403927608779361,0.9420977510319022,12211,727,774,149897,12938,12985,0.0034161740424534237,-0.0009611086104890365
0.568,0.35,0.9438089349203895,0.9403927608779361,0.9420977510319022,12211,727,774,149897,12938,12985,0.0034161740424534237,-0.0009611086104890365
0.576,0.3,0.9438089349203895,0.9403927608779361,0.9420977510319022,12211,727,774,149897,12938,12985,0.0034161740424534237,-0.0009611086104890365
0.578,0.3,0.9438089349203895,0.9403927608779361,0.9420977510319022,12211,727,774,149897,12938,12985,0.0034161740424534237,-0.0009611086104890365
0.58,0.3,0.9438089349203895,0.9403927608779361,0.9420977510319022,12211,727,774,149897,12938,12985,0.0034161740424534237,-0.0009611086104890365
0.668,0.3,0.9482718264804556,0.936003080477474,0.9420975118207892,12154,663,831,149961,12817,12985,0.012268746002981556,-0.0009613478216020654
0.584,0.35,0.9445003483241737,0.9396996534462841,0.9420938851142681,12202,717,783,149907,12919,12985,0.004800694877889589,-0.0009649745281231636
0.586,0.345,0.9445003483241737,0.9396996534462841,0.9420938851142681,12202,717,783,149907,12919,12985,0.004800694877889589,-0.0009649745281231636
0.588,0.345,0.9445003483241737,0.9396996534462841,0.9420938851142681,12202,717,783,149907,12919,12985,0.004800694877889589,-0.0009649745281231636
0.666,0.38,0.9489764025629005,0.9353099730458221,0.9420936275840669,12145,653,840,149971,12798,12985,0.013666429517078416,-0.0009652320583243279
0.594,0.37,0.9451937984496124,0.9390065460146323,0.9420900135213445,12193,707,792,149917,12900,12985,0.006187252434980084,-0.0009688461210467514
0.57,0.36,0.9439461883408071,0.9402387370042357,0.9420888151549057,12209,725,776,149899,12934,12985,0.0037074513365714656,-0.0009700444874854997
0.594,0.38,0.945262831446736,0.938929534077782,0.9420855387706216,12192,706,793,149918,12898,12985,0.0063332973689539385,-0.0009733208717696007
0.582,0.325,0.9440148468914321,0.9401617250673855,0.9420843461820426,12208,724,777,149900,12932,12985,0.0038531218240466236,-0.0009745134603486028
0.586,0.3,0.9440148468914321,0.9401617250673855,0.9420843461820426,12208,724,777,149900,12932,12985,0.0038531218240466236,-0.0009745134603486028
0.588,0.3,0.9440148468914321,0.9401617250673855,0.9420843461820426,12208,724,777,149900,12932,12985,0.0038531218240466236,-0.0009745134603486028
0.568,0.325,0.9433933122248822,0.9407778205621872,0.942083751060384,12216,733,769,149891,12949,12985,0.0026154916626950353,-0.0009751085820072225
0.576,0.26,0.9433933122248822,0.9407778205621872,0.942083751060384,12216,733,769,149891,12949,12985,0.0026154916626950353,-0.0009751085820072225
0.576,0.265,0.9433933122248822,0.9407778205621872,0.942083751060384,12216,733,769,149891,12949,12985,0.0026154916626950353,-0.0009751085820072225
0.578,0.26,0.9433933122248822,0.9407778205621872,0.942083751060384,12216,733,769,149891,12949,12985,0.0026154916626950353,-0.0009751085820072225
0.578,0.265,0.9433933122248822,0.9407778205621872,0.942083751060384,12216,733,769,149891,12949,12985,0.0026154916626950353,-0.0009751085820072225
0.58,0.26,0.9433933122248822,0.9407778205621872,0.942083751060384,12216,733,769,149891,12949,12985,0.0026154916626950353,-0.0009751085820072225
0.58,0.265,0.9433933122248822,0.9407778205621872,0.942083751060384,12216,733,769,149891,12949,12985,0.0026154916626950353,-0.0009751085820072225
0.668,0.26,0.9478484565014031,0.9363881401617251,0.9420834463254949,12159,669,826,149955,12828,12985,0.011460316339678034,-0.000975413316896323
0.668,0.265,0.9478484565014031,0.9363881401617251,0.9420834463254949,12159,669,826,149955,12828,12985,0.011460316339678034,-0.000975413316896323
0.584,0.325,0.9440835266821346,0.9400847131305352,0.9420798765193903,12207,723,778,149901,12930,12985,0.003998813551599367,-0.0009789831230009316
0.572,0.365,0.9441522277227723,0.940007701193685,0.9420754061667889,12206,722,779,149902,12928,12985,0.004144526529087256,-0.0009834534756023583
0.59,0.365,0.9448446820048029,0.9393145937620331,0.9420715223603923,12197,712,788,149912,12909,12985,0.005530088242769793,-0.0009873372819989568
0.576,0.34,0.944220950023209,0.9399306892568348,0.9420709351240786,12205,721,780,149903,12926,12985,0.0042902607663742875,-0.000987924518312644
0.578,0.34,0.944220950023209,0.9399306892568348,0.9420709351240786,12205,721,780,149903,12926,12985,0.0042902607663742875,-0.000987924518312644
0.58,0.34,0.944220950023209,0.9399306892568348,0.9420709351240786,12205,721,780,149903,12926,12985,0.0042902607663742875,-0.000987924518312644
0.668,0.34,0.948691917219836,0.9355410088563727,0.9420705699883676,12148,657,837,149967,12805,12985,0.013150908363463332,-0.000988289654023644
0.576,0.285,0.9435988565247624,0.9405467847516366,0.9420703486578217,12213,730,772,149894,12943,12985,0.0030520717731258307,-0.000988510984569535
0.576,0.29,0.9435988565247624,0.9405467847516366,0.9420703486578217,12213,730,772,149894,12943,12985,0.0030520717731258307,-0.000988510984569535
0.578,0.285,0.9435988565247624,0.9405467847516366,0.9420703486578217,12213,730,772,149894,12943,12985,0.0030520717731258307,-0.000988510984569535
0.578,0.29,0.9435988565247624,0.9405467847516366,0.9420703486578217,12213,730,772,149894,12943,12985,0.0030520717731258307,-0.000988510984569535
0.58,0.285,0.9435988565247624,0.9405467847516366,0.9420703486578217,12213,730,772,149894,12943,12985,0.0030520717731258307,-0.000988510984569535
0.58,0.29,0.9435988565247624,0.9405467847516366,0.9420703486578217,12213,730,772,149894,12943,12985,0.0030520717731258307,-0.000988510984569535
0.586,0.26,0.9435988565247624,0.9405467847516366,0.9420703486578217,12213,730,772,149894,12943,12985,0.0030520717731258307,-0.000988510984569535
0.586,0.265,0.9435988565247624,0.9405467847516366,0.9420703486578217,12213,730,772,149894,12943,12985,0.0030520717731258307,-0.000988510984569535
0.588,0.26,0.9435988565247624,0.9405467847516366,0.9420703486578217,12213,730,772,149894,12943,12985,0.0030520717731258307,-0.000988510984569535
0.588,0.265,0.9435988565247624,0.9405467847516366,0.9420703486578217,12213,730,772,149894,12943,12985,0.0030520717731258307,-0.000988510984569535
0.668,0.285,0.9480580252690688,0.9361571043511744,0.9420699810129034,12156,666,829,149958,12822,12985,0.011900920917894409,-0.0009888786294878216
0.668,0.29,0.9480580252690688,0.9361571043511744,0.9420699810129034,12156,666,829,149958,12822,12985,0.011900920917894409,-0.0009888786294878216
0.592,0.365,0.9449136127682652,0.9392375818251829,0.9420670477367526,12196,711,789,149913,12907,12985,0.005676030943082333,-0.0009918119056385732
0.572,0.375,0.9442896935933147,0.9398536773199846,0.9420664633910996,12204,720,781,149904,12924,12985,0.004436016273330123,-0.0009923962512916606
0.574,0.365,0.9442896935933147,0.9398536773199846,0.9420664633910996,12204,720,781,149904,12924,12985,0.004436016273330123,-0.0009923962512916606
0.566,0.365,0.9436674136465497,0.9404697728147863,0.9420658798117719,12212,729,773,149895,12941,12985,0.0031976408317634375,-0.0009929798306193005
0.576,0.295,0.9436674136465497,0.9404697728147863,0.9420658798117719,12212,729,773,149895,12941,12985,0.0031976408317634375,-0.0009929798306193005
0.578,0.295,0.9436674136465497,0.9404697728147863,0.9420658798117719,12212,729,773,149895,12941,12985,0.0031976408317634375,-0.0009929798306193005
0.58,0.295,0.9436674136465497,0.9404697728147863,0.9420658798117719,12212,729,773,149895,12941,12985,0.0031976408317634375,-0.0009929798306193005
0.668,0.295,0.9481279251170047,0.9360800924143242,0.9420654911838792,12155,665,830,149959,12820,12985,0.012047832702680505,-0.0009933684585120561
0.59,0.375,0.9449825648973266,0.9391605698883327,0.9420625724217844,12195,710,790,149914,12905,12985,0.00582199500899383,-0.0009962872206068507
0.576,0.355,0.9443584584429655,0.9397766653831344,0.9420619909676922,12203,719,782,149905,12922,12985,0.004581793059831085,-0.0009968686746990585
0.578,0.355,0.9443584584429655,0.9397766653831344,0.9420619909676922,12203,719,782,149905,12922,12985,0.004581793059831085,-0.0009968686746990585
0.58,0.355,0.9443584584429655,0.9397766653831344,0.9420619909676922,12203,719,782,149905,12922,12985,0.004581793059831085,-0.0009968686746990585
0.668,0.355,0.9488321224904305,0.9353869849826724,0.9420615838051657,12146,655,839,149969,12801,12985,0.01344513750775811,-0.0009972758372255308
0.592,0.375,0.945051538401922,0.9390835579514825,0.9420580964153276,12194,709,791,149915,12903,12985,0.005967980450439558,-0.0010007632270636613
0.574,0.375,0.9444272445820433,0.9396996534462841,0.9420575178536962,12202,718,783,149906,12920,12985,0.004727591135759157,-0.0010013417886950426
0.586,0.34,0.9444272445820433,0.9396996534462841,0.9420575178536962,12202,718,783,149906,12920,12985,0.004727591135759157,-0.0010013417886950426
0.588,0.34,0.9444272445820433,0.9396996534462841,0.9420575178536962,12202,718,783,149906,12920,12985,0.004727591135759157,-0.0010013417886950426
0.566,0.375,0.9438045914817964,0.9403157489410858,0.942056940050922,12210,727,775,149897,12937,12985,0.0034888425407105794,-0.0010019195914692247
0.576,0.305,0.9438045914817964,0.9403157489410858,0.942056940050922,12210,727,775,149897,12937,12985,0.0034888425407105794,-0.0010019195914692247
0.578,0.305,0.9438045914817964,0.9403157489410858,0.942056940050922,12210,727,775,149897,12937,12985,0.0034888425407105794,-0.0010019195914692247
0.58,0.305,0.9438045914817964,0.9403157489410858,0.942056940050922,12210,727,775,149897,12937,12985,0.0034888425407105794,-0.0010019195914692247
0.586,0.285,0.9438045914817964,0.9403157489410858,0.942056940050922,12210,727,775,149897,12937,12985,0.0034888425407105794,-0.0010019195914692247
0.586,0.29,0.9438045914817964,0.9403157489410858,0.942056940050922,12210,727,775,149897,12937,12985,0.0034888425407105794,-0.0010019195914692247
0.588,0.285,0.9438045914817964,0.9403157489410858,0.942056940050922,12210,727,775,149897,12937,12985,0.0034888425407105794,-0.0010019195914692247
0.588,0.29,0.9438045914817964,0.9403157489410858,0.942056940050922,12210,727,775,149897,12937,12985,0.0034888425407105794,-0.0010019195914692247
0.668,0.305,0.9482677902621723,0.9359260685406238,0.9420565094376186,12153,663,832,149961,12816,12985,0.01234172172154857,-0.001002350204772573
0.582,0.36,0.9444960520204366,0.939622641509434,0.942053044048952,12201,717,784,149907,12918,12985,0.0048734105110026515,-0.0010058155934392632
0.568,0.36,0.9438732122149207,0.9402387370042357,0.9420524691358023,12209,726,776,149898,12935,12985,0.003634475210685051,-0.0010063905065889056
0.576,0.31,0.9438732122149207,0.9402387370042357,0.9420524691358023,12209,726,776,149898,12935,12985,0.003634475210685051,-0.0010063905065889056
0.576,0.315,0.9438732122149207,0.9402387370042357,0.9420524691358023,12209,726,776,149898,12935,12985,0.003634475210685051,-0.0010063905065889056
0.576,0.32,0.9438732122149207,0.9402387370042357,0.9420524691358023,12209,726,776,149898,12935,12985,0.003634475210685051,-0.0010063905065889056
0.578,0.31,0.9438732122149207,0.9402387370042357,0.9420524691358023,12209,726,776,149898,12935,12985,0.003634475210685051,-0.0010063905065889056
0.578,0.315,0.9438732122149207,0.9402387370042357,0.9420524691358023,12209,726,776,149898,12935,12985,0.003634475210685051,-0.0010063905065889056
0.578,0.32,0.9438732122149207,0.9402387370042357,0.9420524691358023,12209,726,776,149898,12935,12985,0.003634475210685051,-0.0010063905065889056
0.58,0.31,0.9438732122149207,0.9402387370042357,0.9420524691358023,12209,726,776,149898,12935,12985,0.003634475210685051,-0.0010063905065889056
0.58,0.315,0.9438732122149207,0.9402387370042357,0.9420524691358023,12209,726,776,149898,12935,12985,0.003634475210685051,-0.0010063905065889056
0.58,0.32,0.9438732122149207,0.9402387370042357,0.9420524691358023,12209,726,776,149898,12935,12985,0.003634475210685051,-0.0010063905065889056
0.586,0.295,0.9438732122149207,0.9402387370042357,0.9420524691358023,12209,726,776,149898,12935,12985,0.003634475210685051,-0.0010063905065889056
0.588,0.295,0.9438732122149207,0.9402387370042357,0.9420524691358023,12209,726,776,149898,12935,12985,0.003634475210685051,-0.0010063905065889056
0.668,0.31,0.9483377555798346,0.9358490566037736,0.942052017520059,12152,662,833,149962,12814,12985,0.012488698976060975,-0.0010068421223322632
0.668,0.315,0.9483377555798346,0.9358490566037736,0.942052017520059,12152,662,833,149962,12814,12985,0.012488698976060975,-0.0010068421223322632
0.668,0.32,0.9483377555798346,0.9358490566037736,0.942052017520059,12152,662,833,149962,12814,12985,0.012488698976060975,-0.0010068421223322632
0.584,0.36,0.9445648807680397,0.9395456295725837,0.9420485695532992,12200,716,785,149908,12916,12985,0.005019251195455987,-0.0010102900890920363
0.586,0.355,0.9445648807680397,0.9395456295725837,0.9420485695532992,12200,716,785,149908,12916,12985,0.005019251195455987,-0.0010102900890920363
0.588,0.355,0.9445648807680397,0.9395456295725837,0.9420485695532992,12200,716,785,149908,12916,12985,0.005019251195455987,-0.0010102900890920363
0.57,0.365,0.9439418541714992,0.9401617250673855,0.9420479975306737,12208,725,777,149899,12933,12985,0.0037801291041137386,-0.0010108621117175254
0.576,0.33,0.9440105173613796,0.9400847131305352,0.9420435252353758,12207,724,778,149900,12931,12985,0.003925804230844432,-0.0010153344070154002
0.578,0.33,0.9440105173613796,0.9400847131305352,0.9420435252353758,12207,724,778,149900,12931,12985,0.003925804230844432,-0.0010153344070154002
0.58,0.33,0.9440105173613796,0.9400847131305352,0.9420435252353758,12207,724,778,149900,12931,12985,0.003925804230844432,-0.0010153344070154002
0.586,0.305,0.9440105173613796,0.9400847131305352,0.9420435252353758,12207,724,778,149900,12931,12985,0.003925804230844432,-0.0010153344070154002
0.588,0.305,0.9440105173613796,0.9400847131305352,0.9420435252353758,12207,724,778,149900,12931,12985,0.003925804230844432,-0.0010153344070154002
0.668,0.33,0.9484777517564403,0.9356950327300732,0.9420430315952705,12150,660,835,149964,12810,12985,0.012782719026367184,-0.0010158280471207481
0.57,0.375,0.9440792017944156,0.940007701193685,0.9420390522497492,12206,723,779,149901,12929,12985,0.004071500600730582,-0.0010198073926420692
0.586,0.31,0.9440792017944156,0.940007701193685,0.9420390522497492,12206,723,779,149901,12929,12985,0.004071500600730582,-0.0010198073926420692
0.586,0.315,0.9440792017944156,0.940007701193685,0.9420390522497492,12206,723,779,149901,12929,12985,0.004071500600730582,-0.0010198073926420692
0.586,0.32,0.9440792017944156,0.940007701193685,0.9420390522497492,12206,723,779,149901,12929,12985,0.004071500600730582,-0.0010198073926420692
0.588,0.31,0.9440792017944156,0.940007701193685,0.9420390522497492,12206,723,779,149901,12929,12985,0.004071500600730582,-0.0010198073926420692
0.588,0.315,0.9440792017944156,0.940007701193685,0.9420390522497492,12206,723,779,149901,12929,12985,0.004071500600730582,-0.0010198073926420692
0.588,0.32,0.9440792017944156,0.940007701193685,0.9420390522497492,12206,723,779,149901,12929,12985,0.004071500600730582,-0.0010198073926420692
0.576,0.335,0.9441479074804673,0.9399306892568348,0.9420345785736339,12205,722,780,149902,12927,12985,0.004217218223632524,-0.0010242810687572934
0.578,0.335,0.9441479074804673,0.9399306892568348,0.9420345785736339,12205,722,780,149902,12927,12985,0.004217218223632524,-0.0010242810687572934
0.58,0.335,0.9441479074804673,0.9399306892568348,0.9420345785736339,12205,722,780,149902,12927,12985,0.004217218223632524,-0.0010242810687572934
0.668,0.335,0.948617835389661,0.9355410088563727,0.9420340428831763,12148,658,837,149966,12806,12985,0.013076826533288344,-0.0010248167592149526
0.572,0.37,0.9442166344294004,0.9398536773199846,0.94203010420687,12204,721,781,149903,12925,12985,0.00436295710941581,-0.001028755435521278
0.586,0.33,0.9442166344294004,0.9398536773199846,0.94203010420687,12204,721,781,149903,12925,12985,0.00436295710941581,-0.001028755435521278
0.588,0.33,0.9442166344294004,0.9398536773199846,0.94203010420687,12204,721,781,149903,12925,12985,0.00436295710941581,-0.001028755435521278
0.59,0.37,0.9449093444909344,0.9391605698883327,0.9420261867058051,12195,711,790,149913,12906,12985,0.005748774602601703,-0.0010326729365861542
0.572,0.38,0.9442853826510872,0.9397766653831344,0.9420256291492975,12203,720,782,149904,12923,12985,0.0045087172679527665,-0.001033230493093673
0.576,0.35,0.9442853826510872,0.9397766653831344,0.9420256291492975,12203,720,782,149904,12923,12985,0.0045087172679527665,-0.001033230493093673
0.578,0.35,0.9442853826510872,0.9397766653831344,0.9420256291492975,12203,720,782,149904,12923,12985,0.0045087172679527665,-0.001033230493093673
0.58,0.35,0.9442853826510872,0.9397766653831344,0.9420256291492975,12203,720,782,149904,12923,12985,0.0045087172679527665,-0.001033230493093673
0.668,0.35,0.9487580065614748,0.9353869849826724,0.9420250513824796,12146,656,839,149968,12802,12985,0.013371021578802433,-0.0010338082599116172
0.59,0.38,0.9449783013019218,0.9390835579514825,0.9420217080613387,12194,710,791,149914,12904,12985,0.00589474335043938,-0.0010371515810525533
0.592,0.37,0.9449783013019218,0.9390835579514825,0.9420217080613387,12194,710,791,149914,12904,12985,0.00589474335043938,-0.0010371515810525533
0.574,0.37,0.944354152155406,0.9396996534462841,0.9420211534007567,12202,719,783,149905,12921,12985,0.004654498709121824,-0.0010377062416345728
0.586,0.335,0.944354152155406,0.9396996534462841,0.9420211534007567,12202,719,783,149905,12921,12985,0.004654498709121824,-0.0010377062416345728
0.588,0.335,0.944354152155406,0.9396996534462841,0.9420211534007567,12202,719,783,149905,12921,12985,0.004654498709121824,-0.0010377062416345728
0.566,0.37,0.943731643221518,0.9403157489410858,0.9420205994676542,12210,728,775,149896,12938,12985,0.003415894280432208,-0.0010382601747370712
0.592,0.38,0.9450472794915517,0.9390065460146323,0.9420172287248425,12193,709,792,149915,12902,12985,0.006040733476919358,-0.0010416309175487193
0.574,0.38,0.9444229429522409,0.939622641509434,0.9420166769610872,12201,718,784,149906,12919,12985,0.004800301442806965,-0.0010421826813040713
0.566,0.38,0.9438002473716759,0.9402387370042357,0.9420161259210679,12209,727,776,149897,12936,12985,0.003561510367440235,-0.0010427337213233523
0.582,0.365,0.9444917550514825,0.9395456295725837,0.942012199830129,12200,717,785,149907,12917,12985,0.004946125478898833,-0.0010466598122622628
0.586,0.35,0.9444917550514825,0.9395456295725837,0.942012199830129,12200,717,785,149907,12917,12985,0.004946125478898833,-0.0010466598122622628
0.588,0.35,0.9444917550514825,0.9395456295725837,0.942012199830129,12200,717,785,149907,12917,12985,0.004946125478898833,-0.0010466598122622628
0.568,0.365,0.9438688727385186,0.9401617250673855,0.9420116516840928,12208,726,777,149898,12934,12985,0.0037071476711331153,-0.0010472079582983795
0.576,0.325,0.9438688727385186,0.9401617250673855,0.9420116516840928,12208,726,777,149898,12934,12985,0.0037071476711331153,-0.0010472079582983795
0.578,0.325,0.9438688727385186,0.9401617250673855,0.9420116516840928,12208,726,777,149898,12934,12985,0.0037071476711331153,-0.0010472079582983795
0.58,0.325,0.9438688727385186,0.9401617250673855,0.9420116516840928,12208,726,777,149898,12934,12985,0.0037071476711331153,-0.0010472079582983795
0.668,0.325,0.9483337235620073,0.9357720446669233,0.9420110086053182,12151,662,834,149962,12813,12985,0.012561678895083972,-0.0010478510370730554
0.584,0.365,0.9445605884630275,0.9394686176357335,0.942007722007722,12199,716,786,149908,12915,12985,0.005091970827293957,-0.0010511376346692414
0.582,0.375,0.9446294431967784,0.9393916056988834,0.942003243493706,12198,715,787,149909,12913,12985,0.0052378374978950815,-0.0010556161486852123
0.568,0.375,0.9440061871616396,0.940007701193685,0.9420027011383368,12206,724,779,149900,12930,12985,0.003998485967954601,-0.001056158504054383
0.57,0.37,0.9440061871616396,0.940007701193685,0.9420027011383368,12206,724,779,149900,12930,12985,0.003998485967954601,-0.001056158504054383
0.584,0.375,0.9446983192626442,0.9393145937620331,0.9419987642879208,12197,714,788,149910,12911,12985,0.0053837255006111695,-0.0010600953544703806
0.57,0.38,0.9440748762376238,0.9399306892568348,0.9419982248292362,12205,723,780,149901,12928,12985,0.004144186980789,-0.0010606348131549925
0.586,0.325,0.9440748762376238,0.9399306892568348,0.9419982248292362,12205,723,780,149901,12928,12985,0.004144186980789,-0.0010606348131549925
0.588,0.325,0.9440748762376238,0.9399306892568348,0.9419982248292362,12205,723,780,149901,12928,12985,0.004144186980789,-0.0010606348131549925
0.67,0.27,0.9479101684341859,0.9361571043511744,0.9419969777984424,12156,668,829,149956,12824,12985,0.011753064083011466,-0.001061881843948842
0.67,0.275,0.9479800343160193,0.9360800924143242,0.9419924826597434,12155,667,830,149957,12822,12985,0.011899941901695077,-0.0010663769826477765
0.67,0.28,0.9479800343160193,0.9360800924143242,0.9419924826597434,12155,667,830,149957,12822,12985,0.011899941901695077,-0.0010663769826477765
0.67,0.345,0.9487540035934693,0.9353099730458221,0.9419840223377025,12145,656,840,149968,12801,12985,0.013444030547647201,-0.0010748373046887139
0.576,0.36,0.9443498452012384,0.939622641509434,0.9419803126809496,12201,719,784,149905,12920,12985,0.00472720369180446,-0.0010785469614416066
0.578,0.36,0.9443498452012384,0.939622641509434,0.9419803126809496,12201,719,784,149905,12920,12985,0.00472720369180446,-0.0010785469614416066
0.58,0.36,0.9443498452012384,0.939622641509434,0.9419803126809496,12201,719,784,149905,12920,12985,0.00472720369180446,-0.0010785469614416066
0.668,0.36,0.9488241268849129,0.9352329611089719,0.9419795221843003,12144,655,841,149969,12799,12985,0.013591165775940994,-0.0010793374580909676
0.67,0.3,0.9482597159356954,0.9357720446669233,0.9419744951354704,12151,663,834,149961,12814,12985,0.012487671268772038,-0.001084364506920843
0.676,0.27,0.9482597159356954,0.9357720446669233,0.9419744951354704,12151,663,834,149961,12814,12985,0.012487671268772038,-0.001084364506920843
0.676,0.275,0.9483296909147674,0.9356950327300732,0.9419699965112222,12150,662,835,149962,12812,12985,0.012634658184694225,-0.001088863131169071
0.676,0.28,0.9483296909147674,0.9356950327300732,0.9419699965112222,12150,662,835,149962,12812,12985,0.012634658184694225,-0.001088863131169071
0.582,0.37,0.9445562954932631,0.9393916056988834,0.9419668713077726,12198,716,787,149908,12914,12985,0.005164689794379784,-0.0010919883346186543
0.586,0.36,0.9445562954932631,0.9393916056988834,0.9419668713077726,12198,716,787,149908,12914,12985,0.005164689794379784,-0.0010919883346186543
0.588,0.36,0.9445562954932631,0.9393916056988834,0.9419668713077726,12198,716,787,149908,12914,12985,0.005164689794379784,-0.0010919883346186543
0.568,0.37,0.9439331838218236,0.940007701193685,0.9419663528322273,12206,725,779,149899,12931,12985,0.003925482628138521,-0.001092506810163929
0.582,0.38,0.9446251548946716,0.9393145937620331,0.9419623894659612,12197,715,788,149909,12912,12985,0.005310561132638503,-0.0010964701764299978
0.584,0.37,0.9446251548946716,0.9393145937620331,0.9419623894659612,12197,715,788,149909,12912,12985,0.005310561132638503,-0.0010964701764299978
0.568,0.38,0.9440018562920566,0.9399306892568348,0.941961873890561,12205,724,780,149900,12929,12985,0.004071167035221812,-0.0010969857518302595
0.676,0.345,0.9491048393401611,0.934924913361571,0.941961514587213,12140,651,845,149973,12791,12985,0.01417992597859008,-0.0010973450551782227
0.67,0.26,0.9478362573099415,0.9361571043511744,0.9419604804339403,12156,669,829,149955,12825,12985,0.011679152958767092,-0.0010983792084509059
0.67,0.265,0.9478362573099415,0.9361571043511744,0.9419604804339403,12156,669,829,149955,12825,12985,0.011679152958767092,-0.0010983792084509059
0.584,0.38,0.9446940356312936,0.9392375818251829,0.9419579069318401,12196,714,789,149910,12910,12985,0.005456453806110706,-0.0011009527105511063
0.672,0.27,0.9479061062153942,0.9360800924143242,0.9419559826410415,12155,668,830,149956,12823,12985,0.011826013801069957,-0.0011028770013497002
0.676,0.3,0.9486098094345518,0.9353869849826724,0.9419519950366435,12146,658,839,149966,12804,12985,0.01322282445187939,-0.001106864605747715
0.672,0.275,0.9479759769128773,0.936003080477474,0.9419514841509726,12154,667,831,149957,12821,12985,0.011972896435403224,-0.001107375491418594
0.672,0.28,0.9479759769128773,0.936003080477474,0.9419514841509726,12154,667,831,149957,12821,12985,0.011972896435403224,-0.001107375491418594
0.67,0.34,0.948679893766599,0.9353099730458221,0.9419474929227906,12145,657,840,149967,12802,12985,0.013369920720776918,-0.0011113667196006594
0.67,0.285,0.9480458694125907,0.9359260685406238,0.9419469849635715,12153,666,832,149958,12819,12985,0.012119800871966957,-0.0011118746788196798
0.67,0.29,0.9480458694125907,0.9359260685406238,0.9419469849635715,12153,666,832,149958,12819,12985,0.012119800871966957,-0.0011118746788196798
0.672,0.345,0.94875,0.9352329611089719,0.9419429901105293,12144,656,841,149968,12800,12985,0.013517038891028066,-0.001115869531861935
0.67,0.295,0.9481157837247406,0.9358490566037736,0.9419424850786762,12152,665,833,149959,12817,12985,0.012266727120966991,-0.0011163745637150502
0.674,0.27,0.9481157837247406,0.9358490566037736,0.9419424850786762,12152,665,833,149959,12817,12985,0.012266727120966991,-0.0011163745637150502
0.576,0.365,0.944345537580308,0.9395456295725837,0.9419394688079061,12200,719,785,149905,12919,12985,0.0047999080077243406,-0.00111939083448509
0.578,0.365,0.944345537580308,0.9395456295725837,0.9419394688079061,12200,719,785,149905,12919,12985,0.0047999080077243406,-0.00111939083448509
0.58,0.365,0.944345537580308,0.9395456295725837,0.9419394688079061,12200,719,785,149905,12919,12985,0.0047999080077243406,-0.00111939083448509
0.668,0.365,0.9488201281450227,0.9351559491721216,0.9419384865996975,12143,655,842,149969,12798,12985,0.013664178972901064,-0.0011203730426937453
0.67,0.355,0.9488201281450227,0.9351559491721216,0.9419384865996975,12143,655,842,149969,12798,12985,0.013664178972901064,-0.0011203730426937453
0.674,0.275,0.9481857198595396,0.9357720446669233,0.941937984496124,12151,664,834,149960,12815,12985,0.01241367519261627,-0.0011208751462672417
0.674,0.28,0.9481857198595396,0.9357720446669233,0.941937984496124,12151,664,834,149960,12815,12985,0.01241367519261627,-0.0011208751462672417
0.676,0.26,0.9481857198595396,0.9357720446669233,0.941937984496124,12151,664,834,149960,12815,12985,0.01241367519261627,-0.0011208751462672417
0.676,0.265,0.9481857198595396,0.9357720446669233,0.941937984496124,12151,664,834,149960,12815,12985,0.01241367519261627,-0.0011208751462672417
0.67,0.305,0.9482556778272068,0.9356950327300732,0.9419334832157532,12150,663,835,149961,12813,12985,0.012560645097133616,-0.001125376426638014
0.672,0.3,0.9482556778272068,0.9356950327300732,0.9419334832157532,12150,663,835,149961,12813,12985,0.012560645097133616,-0.001125376426638014
0.576,0.375,0.9444831591173054,0.9393916056988834,0.941930501930502,12198,717,787,149907,12915,12985,0.005091553418422046,-0.0011283577118892385
0.578,0.375,0.9444831591173054,0.9393916056988834,0.941930501930502,12198,717,787,149907,12915,12985,0.005091553418422046,-0.0011283577118892385
0.58,0.375,0.9444831591173054,0.9393916056988834,0.941930501930502,12198,717,787,149907,12915,12985,0.005091553418422046,-0.0011283577118892385
0.668,0.375,0.9489604502110365,0.9350019252984213,0.9419294774816712,12141,653,844,149971,12794,12985,0.013958524912615178,-0.001129382160720005
0.674,0.345,0.9489604502110365,0.9350019252984213,0.9419294774816712,12141,653,844,149971,12794,12985,0.013958524912615178,-0.001129382160720005
0.67,0.31,0.9483256576379674,0.935618020793223,0.9419289812374012,12149,662,836,149962,12811,12985,0.012707636844744408,-0.0011298784049900146
0.67,0.315,0.9483256576379674,0.935618020793223,0.9419289812374012,12149,662,836,149962,12811,12985,0.012707636844744408,-0.0011298784049900146
0.67,0.32,0.9483256576379674,0.935618020793223,0.9419289812374012,12149,662,836,149962,12811,12985,0.012707636844744408,-0.0011298784049900146
0.586,0.365,0.9445520018585921,0.9393145937620331,0.9419260174530852,12197,716,788,149908,12913,12985,0.0052374080965590375,-0.0011328421893059826
0.588,0.365,0.9445520018585921,0.9393145937620331,0.9419260174530852,12197,716,788,149908,12913,12985,0.0052374080965590375,-0.0011328421893059826
0.676,0.34,0.9490306441525954,0.934924913361571,0.9419249718741514,12140,652,845,149972,12792,12985,0.014105730791024396,-0.0011338877682398607
0.676,0.285,0.9483956593020533,0.9355410088563727,0.9419244785609057,12148,661,837,149963,12809,12985,0.012854650445680571,-0.0011343810814855582
0.676,0.29,0.9483956593020533,0.9355410088563727,0.9419244785609057,12148,661,837,149963,12809,12985,0.012854650445680571,-0.0011343810814855582
0.67,0.33,0.9484656828297026,0.9354639969195225,0.9419199751861043,12147,660,838,149964,12807,12985,0.013001685910180028,-0.0011388844562869593
0.674,0.3,0.9484656828297026,0.9354639969195225,0.9419199751861043,12147,660,838,149964,12807,12985,0.013001685910180028,-0.0011388844562869593
0.676,0.295,0.9484656828297026,0.9354639969195225,0.9419199751861043,12147,660,838,149964,12807,12985,0.013001685910180028,-0.0011388844562869593
0.672,0.26,0.9478321896444167,0.9360800924143242,0.9419194854508118,12155,669,830,149955,12824,12985,0.011752097230092517,-0.0011393741915793898
0.672,0.265,0.9478321896444167,0.9360800924143242,0.9419194854508118,12155,669,830,149955,12824,12985,0.011752097230092517,-0.0011393741915793898
0.586,0.375,0.944689751336277,0.9391605698883327,0.94191704642002,12195,714,790,149910,12909,12985,0.005529181447944231,-0.0011418132223711686
0.588,0.375,0.944689751336277,0.9391605698883327,0.94191704642002,12195,714,790,149910,12909,12985,0.005529181447944231,-0.0011418132223711686
0.676,0.355,0.9491710979042852,0.9347708894878706,0.9419159585612851,12138,650,847,149974,12788,12985,0.01440020841641465,-0.0011429010811061513
0.67,0.335,0.9486057955166758,0.9353099730458221,0.9419109663409337,12145,658,840,149966,12803,12985,0.013295822470853702,-0.001147893301457481
0.676,0.305,0.9486057955166758,0.9353099730458221,0.9419109663409337,12145,658,840,149966,12803,12985,0.013295822470853702,-0.001147893301457481
0.672,0.34,0.9486758846965081,0.9352329611089719,0.9419064608702397,12144,657,841,149967,12801,12985,0.013442923587536182,-0.0011523987721515638
0.676,0.31,0.9486758846965081,0.9352329611089719,0.9419064608702397,12144,657,841,149967,12801,12985,0.013442923587536182,-0.0011523987721515638
0.676,0.315,0.9486758846965081,0.9352329611089719,0.9419064608702397,12144,657,841,149967,12801,12985,0.013442923587536182,-0.0011523987721515638
0.676,0.32,0.9486758846965081,0.9352329611089719,0.9419064608702397,12144,657,841,149967,12801,12985,0.013442923587536182,-0.0011523987721515638
0.672,0.285,0.9480418161959744,0.9358490566037736,0.941905979924815,12152,666,833,149958,12818,12985,0.012192759592200786,-0.0011528797175762717
0.672,0.29,0.9480418161959744,0.9358490566037736,0.941905979924815,12152,666,833,149958,12818,12985,0.012192759592200786,-0.0011528797175762717
0.674,0.26,0.9480418161959744,0.9358490566037736,0.941905979924815,12152,666,833,149958,12818,12985,0.012192759592200786,-0.0011528797175762717
0.674,0.265,0.9480418161959744,0.9358490566037736,0.941905979924815,12152,666,833,149958,12818,12985,0.012192759592200786,-0.0011528797175762717
0.67,0.35,0.9487459957809203,0.9351559491721216,0.9419019547005895,12143,656,842,149968,12799,12985,0.0135900466087987,-0.0011569049418017618
0.672,0.295,0.9481117353308365,0.9357720446669233,0.9419014766869501,12151,665,834,149959,12816,12985,0.012339690663913161,-0.0011573829554410997
0.672,0.355,0.9488161287801828,0.9350789372352715,0.9418974478318206,12142,655,843,149969,12797,12985,0.013737191544911376,-0.0011614118105706117
0.676,0.33,0.9488161287801828,0.9350789372352715,0.9418974478318206,12142,655,843,149969,12797,12985,0.013737191544911376,-0.0011614118105706117
0.576,0.37,0.9444100340662744,0.9393916056988834,0.9418941353615691,12198,718,787,149906,12916,12985,0.005018428367391081,-0.0011647242808221492
0.578,0.37,0.9444100340662744,0.9393916056988834,0.9418941353615691,12198,718,787,149906,12916,12985,0.005018428367391081,-0.0011647242808221492
0.58,0.37,0.9444100340662744,0.9393916056988834,0.9418941353615691,12198,718,787,149906,12916,12985,0.005018428367391081,-0.0011647242808221492
0.668,0.37,0.9488862837045721,0.9350019252984213,0.9418929402637704,12141,654,844,149970,12795,12985,0.013884358406150765,-0.0011659193786208721
0.674,0.34,0.9488862837045721,0.9350019252984213,0.9418929402637704,12141,654,844,149970,12795,12985,0.013884358406150765,-0.0011659193786208721
0.672,0.305,0.9482516390883546,0.935618020793223,0.9418924681164477,12149,663,836,149961,12812,12985,0.012633618295131654,-0.0011663915259435553
0.674,0.285,0.9482516390883546,0.935618020793223,0.9418924681164477,12149,663,836,149961,12812,12985,0.012633618295131654,-0.0011663915259435553
0.674,0.29,0.9482516390883546,0.935618020793223,0.9418924681164477,12149,663,836,149961,12812,12985,0.012633618295131654,-0.0011663915259435553
0.576,0.38,0.9444788601517733,0.9393145937620331,0.9418896482489671,12197,717,788,149907,12914,12985,0.005164266389740213,-0.0011692113934240744
0.578,0.38,0.9444788601517733,0.9393145937620331,0.9418896482489671,12197,717,788,149907,12914,12985,0.005164266389740213,-0.0011692113934240744
0.58,0.38,0.9444788601517733,0.9393145937620331,0.9418896482489671,12197,717,788,149907,12914,12985,0.005164266389740213,-0.0011692113934240744
0.668,0.38,0.9489564605643711,0.934924913361571,0.9418884319962758,12140,653,845,149971,12793,12985,0.014031547202800088,-0.0011704276461154128
0.676,0.335,0.9489564605643711,0.934924913361571,0.9418884319962758,12140,653,845,149971,12793,12985,0.014031547202800088,-0.0011704276461154128
0.67,0.325,0.9483216237314598,0.9355410088563727,0.9418879627834852,12148,662,837,149962,12810,12985,0.012780614875087082,-0.0011708968589060342
0.672,0.31,0.9483216237314598,0.9355410088563727,0.9418879627834852,12148,662,837,149962,12810,12985,0.012780614875087082,-0.0011708968589060342
0.672,0.315,0.9483216237314598,0.9355410088563727,0.9418879627834852,12148,662,837,149962,12810,12985,0.012780614875087082,-0.0011708968589060342
0.672,0.32,0.9483216237314598,0.9355410088563727,0.9418879627834852,12148,662,837,149962,12810,12985,0.012780614875087082,-0.0011708968589060342
0.674,0.295,0.9483216237314598,0.9355410088563727,0.9418879627834852,12148,662,837,149962,12810,12985,0.012780614875087082,-0.0011708968589060342
0.678,0.27,0.9483216237314598,0.9355410088563727,0.9418879627834852,12148,662,837,149962,12810,12985,0.012780614875087082,-0.0011708968589060342
0.674,0.355,0.9490266593698694,0.9348479014247209,0.9418839230291745,12139,652,846,149972,12791,12985,0.014178757945148557,-0.0011749366132167705
0.678,0.275,0.9483916302311055,0.9354639969195225,0.9418834567518319,12147,661,838,149963,12808,12985,0.012927633311582976,-0.001175402890559285
0.678,0.28,0.9483916302311055,0.9354639969195225,0.9418834567518319,12147,661,838,149963,12808,12985,0.012927633311582976,-0.001175402890559285
0.586,0.37,0.9446165762974439,0.9391605698883327,0.9418806719443908,12195,715,790,149909,12910,12985,0.005456006409111147,-0.001178187698000377
0.588,0.37,0.9446165762974439,0.9391605698883327,0.9418806719443908,12195,715,790,149909,12910,12985,0.005456006409111147,-0.001178187698000377
0.676,0.35,0.9490968801313628,0.9347708894878706,0.9418794133623031,12138,651,847,149973,12789,12985,0.01432599064349227,-0.0011794462800881478
0.672,0.33,0.9484616585975324,0.9353869849826724,0.9418789500213254,12146,660,839,149964,12806,12985,0.013074673614860033,-0.0011799096210658444
0.674,0.305,0.9484616585975324,0.9353869849826724,0.9418789500213254,12146,660,839,149964,12806,12985,0.013074673614860033,-0.0011799096210658444
0.586,0.38,0.9446854663774403,0.9390835579514825,0.9418761827520951,12194,714,791,149910,12908,12985,0.005601908425957869,-0.0011826768902961637
0.588,0.38,0.9446854663774403,0.9390835579514825,0.9418761827520951,12194,714,791,149910,12908,12985,0.005601908425957869,-0.0011826768902961637
0.678,0.345,0.9491671228591538,0.9346938775510204,0.941874902995499,12137,650,848,149974,12787,12985,0.014473245308133431,-0.0011839566468921925
0.674,0.31,0.9485317088409871,0.9353099730458221,0.9418744425918026,12145,659,840,149965,12804,12985,0.013221735795165057,-0.001184417050588582
0.674,0.315,0.9485317088409871,0.9353099730458221,0.9418744425918026,12145,659,840,149965,12804,12985,0.013221735795165057,-0.001184417050588582
0.674,0.32,0.9485317088409871,0.9353099730458221,0.9418744425918026,12145,659,840,149965,12804,12985,0.013221735795165057,-0.001184417050588582
0.672,0.335,0.9486017809717232,0.9352329611089719,0.9418699344631016,12144,658,841,149966,12802,12985,0.013368819862751291,-0.0011889251792895905
0.674,0.33,0.948671875,0.9351559491721216,0.941865425635059,12143,657,842,149967,12800,12985,0.013515925827878417,-0.0011934340073321836
0.676,0.325,0.948671875,0.9351559491721216,0.941865425635059,12143,657,842,149967,12800,12985,0.013515925827878417,-0.0011934340073321836
0.678,0.3,0.948671875,0.9351559491721216,0.941865425635059,12143,657,842,149967,12800,12985,0.013515925827878417,-0.0011934340073321836
0.672,0.35,0.9487419909360838,0.9350789372352715,0.9418609161075127,12142,656,843,149968,12798,12985,0.013663053700812333,-0.001197943534878565
0.67,0.36,0.9488121287902469,0.9350019252984213,0.9418564058802994,12141,655,844,149969,12796,12985,0.013810203491825601,-0.0012024537620918263
0.674,0.335,0.9488121287902469,0.9350019252984213,0.9418564058802994,12141,655,844,149969,12796,12985,0.013810203491825601,-0.0012024537620918263
0.678,0.26,0.9482475997189915,0.9355410088563727,0.941851449837184,12148,663,837,149961,12811,12985,0.012706590862618827,-0.0012074098052071713
0.678,0.265,0.9482475997189915,0.9355410088563727,0.941851449837184,12148,663,837,149961,12811,12985,0.012706590862618827,-0.0012074098052071713
0.674,0.35,0.9489524702939337,0.9348479014247209,0.9418473833262211,12139,653,846,149971,12792,12985,0.014104568869212852,-0.0012114763161701347
0.672,0.325,0.9483175891950972,0.9354639969195225,0.9418469411491044,12147,662,838,149962,12809,12985,0.012853592275574699,-0.0012119184932868343
0.678,0.34,0.9490928995933687,0.9346938775510204,0.9418383579715207,12137,651,848,149973,12788,12985,0.01439902204234833,-0.0012205016708705108
0.678,0.285,0.9484576337368216,0.9353099730458221,0.9418379216750679,12145,660,840,149964,12805,12985,0.013147660690999485,-0.0012209379673233656
0.678,0.29,0.9484576337368216,0.9353099730458221,0.9418379216750679,12145,660,840,149964,12805,12985,0.013147660690999485,-0.0012209379673233656
0.676,0.36,0.9491631471922415,0.9346168656141702,0.9418338442435296,12136,650,849,149974,12786,12985,0.014546281578071252,-0.0012250153988616619
0.674,0.325,0.9485276888229321,0.9352329611089719,0.9418334108887856,12144,659,841,149965,12803,12985,0.01329472771396023,-0.0012254487536056402
0.678,0.295,0.9485276888229321,0.9352329611089719,0.9418334108887856,12144,659,841,149965,12803,12985,0.01329472771396023,-0.0012254487536056402
0.678,0.355,0.9492334167709637,0.93453985367732,0.9418293298148939,12135,649,850,149975,12784,12985,0.01469356309364378,-0.0012295298274973554
0.678,0.305,0.9486678646769279,0.9350789372352715,0.9418243872168787,12142,657,843,149967,12799,12985,0.013588927441656407,-0.001234472425512556
0.678,0.31,0.9487379854653435,0.9350019252984213,0.9418198743309286,12141,656,844,149968,12797,12985,0.013736060166922193,-0.0012389853114626037
0.678,0.315,0.9487379854653435,0.9350019252984213,0.9418198743309286,12141,656,844,149968,12797,12985,0.013736060166922193,-0.0012389853114626037
0.678,0.32,0.9487379854653435,0.9350019252984213,0.9418198743309286,12141,656,844,149968,12797,12985,0.013736060166922193,-0.0012389853114626037
0.67,0.365,0.9488081281750684,0.934924913361571,0.9418153607447635,12140,655,845,149969,12795,12985,0.013883214813497413,-0.0012434988976277594
0.672,0.36,0.9488081281750684,0.934924913361571,0.9418153607447635,12140,655,845,149969,12795,12985,0.013883214813497413,-0.0012434988976277594
0.678,0.33,0.9488782928163839,0.9348479014247209,0.9418108464582202,12139,654,846,149970,12793,12985,0.014030391391663066,-0.001248013184171004
0.67,0.375,0.9489484793995778,0.9347708894878706,0.941806331471136,12138,653,847,149971,12791,12985,0.014177589911707256,-0.0012525281712552072
0.674,0.36,0.949018687934944,0.9346938775510204,0.9418018157833475,12137,652,848,149972,12789,12985,0.014324810383923636,-0.0012570438590436828
0.678,0.335,0.949018687934944,0.9346938775510204,0.9418018157833475,12137,652,848,149972,12789,12985,0.014324810383923636,-0.0012570438590436828
0.68,0.27,0.9484536082474226,0.9352329611089719,0.941796890146962,12144,660,841,149964,12804,12985,0.013220647138450725,-0.001261969495429227
0.676,0.365,0.9491591709034024,0.93453985367732,0.9417927823050057,12135,650,850,149974,12785,12985,0.014619317226082451,-0.001266077337385485
0.678,0.35,0.9491591709034024,0.93453985367732,0.9417927823050057,12135,650,850,149974,12785,12985,0.014619317226082451,-0.001266077337385485
0.68,0.275,0.9485236681768474,0.9351559491721216,0.9417923760034126,12143,659,842,149965,12802,12985,0.013367719004725775,-0.0012664836389786327
0.68,0.28,0.9485236681768474,0.9351559491721216,0.9417923760034126,12143,659,842,149965,12802,12985,0.013367719004725775,-0.0012664836389786327
0.676,0.375,0.9492997418042407,0.9343858298036196,0.9417837460218893,12133,648,852,149976,12781,12985,0.014913912000621088,-0.001275113620501922
0.68,0.345,0.9492997418042407,0.9343858298036196,0.9417837460218893,12133,648,852,149976,12781,12985,0.014913912000621088,-0.001275113620501922
0.678,0.325,0.9487339793685526,0.934924913361571,0.9417788293704666,12140,656,845,149968,12796,12985,0.013809066006981618,-0.0012800302719245815
0.672,0.365,0.9488041269345006,0.9348479014247209,0.941774312424842,12139,655,846,149969,12794,12985,0.013956225509779707,-0.0012845472175492256
0.68,0.3,0.9488041269345006,0.9348479014247209,0.941774312424842,12139,655,846,149969,12794,12985,0.013956225509779707,-0.0012845472175492256
0.67,0.37,0.948874296435272,0.9347708894878706,0.9417697947782906,12138,654,847,149970,12792,12985,0.01410340694740142,-0.0012890648641006308
0.67,0.38,0.9489444878811572,0.9346938775510204,0.9417652764306498,12137,653,848,149971,12790,12985,0.014250610330136748,-0.0012935832117414447
0.672,0.375,0.9489444878811572,0.9346938775510204,0.9417652764306498,12137,653,848,149971,12790,12985,0.014250610330136748,-0.0012935832117414447
0.674,0.365,0.9490147012824522,0.9346168656141702,0.9417607573817561,12136,652,849,149972,12788,12985,0.01439783566828201,-0.0012981022606350923
0.68,0.26,0.9483795392424834,0.9352329611089719,0.9417603722373014,12144,661,841,149963,12805,12985,0.0131465781335115,-0.0012984874050898654
0.68,0.265,0.9483795392424834,0.9352329611089719,0.9417603722373014,12144,661,841,149963,12805,12985,0.0131465781335115,-0.0012984874050898654
0.674,0.375,0.9491551939924906,0.9344628417404698,0.9417517171795569,12134,650,851,149974,12784,12985,0.014692352252020813,-0.0013071424628343653
0.676,0.37,0.9492254733218589,0.9343858298036196,0.9417471960259246,12133,649,852,149975,12782,12985,0.014839643518239298,-0.0013116636164666184
0.678,0.36,0.9492254733218589,0.9343858298036196,0.9417471960259246,12133,649,852,149975,12782,12985,0.014839643518239298,-0.0013116636164666184
0.68,0.34,0.9492254733218589,0.9343858298036196,0.9417471960259246,12133,649,852,149975,12782,12985,0.014839643518239298,-0.0013116636164666184
0.68,0.285,0.9485897335729354,0.9350019252984213,0.941746819733168,12141,658,844,149966,12799,12985,0.013587808274514113,-0.0013120399092232393
0.68,0.29,0.9485897335729354,0.9350019252984213,0.941746819733168,12141,658,844,149966,12799,12985,0.013587808274514113,-0.0013120399092232393
0.676,0.38,0.9492957746478873,0.9343088178667693,0.9417426741703862,12132,648,853,149976,12780,12985,0.014986956781117944,-0.0013161854720050714
0.68,0.295,0.948659842150504,0.934924913361571,0.9417423008300364,12140,657,845,149967,12797,12985,0.01373492878893301,-0.0013165588123548178
0.68,0.355,0.9493660979809047,0.9342318059299192,0.941738151612778,12131,647,854,149977,12778,12985,0.015134292050985487,-0.00132070802961326
0.68,0.305,0.9488001250683967,0.9347708894878706,0.9417332609201645,12138,655,847,149969,12793,12985,0.014029235580526156,-0.0013255987222267063
0.672,0.37,0.9488702994292862,0.9346938775510204,0.9417287399130975,12137,654,848,149970,12791,12985,0.014176421878265844,-0.001330119729293755
0.68,0.31,0.9488702994292862,0.9346938775510204,0.9417287399130975,12137,654,848,149970,12791,12985,0.014176421878265844,-0.001330119729293755
0.68,0.315,0.9488702994292862,0.9346938775510204,0.9417287399130975,12137,654,848,149970,12791,12985,0.014176421878265844,-0.001330119729293755
0.68,0.32,0.9488702994292862,0.9346938775510204,0.9417287399130975,12137,654,848,149970,12791,12985,0.014176421878265844,-0.001330119729293755
0.672,0.38,0.9489404957385253,0.9346168656141702,0.9417242182043921,12136,653,849,149971,12789,12985,0.014323630124355113,-0.0013346414379991067
0.68,0.33,0.9490107140064128,0.93453985367732,0.9417196957938848,12135,652,850,149972,12787,12985,0.014470860329092838,-0.0013391638485064083
0.674,0.37,0.9490809542432538,0.9344628417404698,0.9417151726814126,12134,651,851,149973,12785,12985,0.014618112502783998,-0.0013436869609786406
0.674,0.38,0.9491512164593601,0.9343858298036196,0.9417106488668116,12133,650,852,149974,12783,12985,0.014765386655740453,-0.0013482107755796724
0.68,0.335,0.9491512164593601,0.9343858298036196,0.9417106488668116,12133,650,852,149974,12783,12985,0.014765386655740453,-0.0013482107755796724
0.678,0.365,0.9492215006650497,0.9343088178667693,0.9417061243499185,12132,649,853,149975,12781,12985,0.014912682798280397,-0.0013527352924727065
0.68,0.35,0.9492918068706472,0.9342318059299192,0.9417015991305698,12131,648,854,149976,12779,12985,0.015060000940728013,-0.0013572605118213898
0.678,0.375,0.9493621350864835,0.9341547939930689,0.9416970732086017,12130,647,855,149977,12777,12985,0.015207341093414595,-0.0013617864337894803
0.68,0.325,0.9488663017982799,0.9346168656141702,0.9416876818622697,12136,654,849,149970,12790,12985,0.014249436184109676,-0.0013711777801215241
0.678,0.37,0.9492878384723744,0.9341547939930689,0.9416605209020689,12130,648,855,149976,12778,12985,0.015133044479305524,-0.001398338740322358
0.678,0.38,0.9493581715716969,0.9340777820562187,0.9416559916152323,12129,647,856,149977,12776,12985,0.015280389515478165,-0.0014028680271589433
0.68,0.36,0.9493581715716969,0.9340777820562187,0.9416559916152323,12129,647,856,149977,12776,12985,0.015280389515478165,-0.0014028680271589433
0.68,0.365,0.9493542074363992,0.9340007701193686,0.9416149068322982,12128,647,857,149977,12775,12985,0.01535343731703065,-0.0014439528100930188
0.68,0.375,0.9494949494949495,0.9338467462456681,0.9416058394160584,12126,645,859,149979,12771,12985,0.0156482032492814,-0.0014530202263328684
0.68,0.37,0.9494206075790792,0.9338467462456681,0.9415692821368948,12126,646,859,149978,12772,12985,0.015573861333411099,-0.0014895775054963867
0.68,0.38,0.9494909945184025,0.9337697343088178,0.941564744709765,12125,645,860,149979,12770,12985,0.015721260209584642,-0.0014941149326261893
